key_id,tournament_id,tournament_name,match_id,match_name,stage_name,group_name,group_stage,knockout_stage,replayed,replay,match_date,match_time,stadium_id,stadium_name,city_name,country_name,home_team_id,home_team_name,home_team_code,away_team_id,away_team_name,away_team_code,score,home_team_score,away_team_score,home_team_score_margin,away_team_score_margin,extra_time,penalty_shootout,score_penalties,home_team_score_penalties,away_team_score_penalties,result,home_team_win,away_team_win,draw,year,total_goals,goal_difference,match_result
665,WC-2002,2002 FIFA Men's World Cup,M-2002-01,France vs Senegal,group stage,Group A,1,0,0,0,2002-05-31,20:30,S-177,Seoul World Cup Stadium,Seoul,South Korea,T-30,France,FRA,T-65,Senegal,SEN,0–1,0,1,-1,1,0,0,0-0,0,0,away team win,0,1,0,2002,1,1,Away Win
666,WC-2002,2002 FIFA Men's World Cup,M-2002-02,Republic of Ireland vs Cameroon,group stage,Group E,1,0,0,0,2002-06-01,15:30,S-121,Niigata Stadium,Niigata,Japan,T-60,Republic of Ireland,IRL,T-11,Cameroon,CMR,1–1,1,1,0,0,0,0,0-0,0,0,draw,0,0,1,2002,2,0,Draw
667,WC-2002,2002 FIFA Men's World Cup,M-2002-03,Uruguay vs Denmark,group stage,Group A,1,0,0,0,2002-06-01,18:00,S-179,Ulsan Munsu Football Stadium,Ulsan,South Korea,T-84,Uruguay,URY,T-22,Denmark,DNK,1–2,1,2,-1,1,0,0,0-0,0,0,away team win,0,1,0,2002,3,1,Away Win
668,WC-2002,2002 FIFA Men's World Cup,M-2002-04,Germany vs Saudi Arabia,group stage,Group E,1,0,0,0,2002-06-01,20:30,S-125,Sapporo Dome,Sapporo,Japan,T-31,Germany,DEU,T-63,Saudi Arabia,SAU,8–0,8,0,8,-8,0,0,0-0,0,0,home team win,1,0,0,2002,8,8,Home Win
669,WC-2002,2002 FIFA Men's World Cup,M-2002-05,Argentina vs Nigeria,group stage,Group F,1,0,0,0,2002-06-02,14:30,S-118,Kashima Stadium,Ibaraki,Japan,T-03,Argentina,ARG,T-50,Nigeria,NGA,1–0,1,0,1,-1,0,0,0-0,0,0,home team win,1,0,0,2002,1,1,Home Win
670,WC-2002,2002 FIFA Men's World Cup,M-2002-06,Paraguay vs South Africa,group stage,Group B,1,0,0,0,2002-06-02,16:30,S-170,Busan Asiad Stadium,Busan,South Korea,T-55,Paraguay,PRY,T-70,South Africa,ZAF,2–2,2,2,0,0,0,0,0-0,0,0,draw,0,0,1,2002,4,0,Draw
671,WC-2002,2002 FIFA Men's World Cup,M-2002-07,England vs Sweden,group stage,Group F,1,0,0,0,2002-06-02,18:30,S-124,Saitama Stadium,Saitama,Japan,T-28,England,ENG,T-74,Sweden,SWE,1–1,1,1,0,0,0,0,0-0,0,0,draw,0,0,1,2002,2,0,Draw
672,WC-2002,2002 FIFA Men's World Cup,M-2002-08,Spain vs Slovenia,group stage,Group B,1,0,0,0,2002-06-02,20:30,S-173,Gwangju World Cup Stadium,Gwangju,South Korea,T-73,Spain,ESP,T-69,Slovenia,SVN,3–1,3,1,2,-2,0,0,0-0,0,0,home team win,1,0,0,2002,4,2,Home Win
673,WC-2002,2002 FIFA Men's World Cup,M-2002-09,Croatia vs Mexico,group stage,Group G,1,0,0,0,2002-06-03,15:30,S-121,Niigata Stadium,Niigata,Japan,T-18,Croatia,HRV,T-46,Mexico,MEX,0–1,0,1,-1,1,0,0,0-0,0,0,away team win,0,1,0,2002,1,1,Away Win
674,WC-2002,2002 FIFA Men's World Cup,M-2002-10,Brazil vs Turkey,group stage,Group C,1,0,0,0,2002-06-03,18:00,S-179,Ulsan Munsu Football Stadium,Ulsan,South Korea,T-09,Brazil,BRA,T-80,Turkey,TUR,2–1,2,1,1,-1,0,0,0-0,0,0,home team win,1,0,0,2002,3,1,Home Win
675,WC-2002,2002 FIFA Men's World Cup,M-2002-11,Italy vs Ecuador,group stage,Group G,1,0,0,0,2002-06-03,20:30,S-125,Sapporo Dome,Sapporo,Japan,T-41,Italy,ITA,T-25,Ecuador,ECU,2–0,2,0,2,-2,0,0,0-0,0,0,home team win,1,0,0,2002,2,2,Home Win
676,WC-2002,2002 FIFA Men's World Cup,M-2002-12,China vs Costa Rica,group stage,Group C,1,0,0,0,2002-06-04,15:30,S-173,Gwangju World Cup Stadium,Gwangju,South Korea,T-14,China,CHN,T-17,Costa Rica,CRI,0–2,0,2,-2,2,0,0,0-0,0,0,away team win,0,1,0,2002,2,2,Away Win
677,WC-2002,2002 FIFA Men's World Cup,M-2002-13,Japan vs Belgium,group stage,Group H,1,0,0,0,2002-06-04,18:00,S-124,Saitama Stadium,Saitama,Japan,T-44,Japan,JPN,T-06,Belgium,BEL,2–2,2,2,0,0,0,0,0-0,0,0,draw,0,0,1,2002,4,0,Draw
678,WC-2002,2002 FIFA Men's World Cup,M-2002-14,South Korea vs Poland,group stage,Group D,1,0,0,0,2002-06-04,20:30,S-170,Busan Asiad Stadium,Busan,South Korea,T-71,South Korea,KOR,T-57,Poland,POL,2–0,2,0,2,-2,0,0,0-0,0,0,home team win,1,0,0,2002,2,2,Home Win
679,WC-2002,2002 FIFA Men's World Cup,M-2002-15,Russia vs Tunisia,group stage,Group H,1,0,0,0,2002-06-05,15:30,S-119,Kobe Wing Stadium,Kobe,Japan,T-62,Russia,RUS,T-79,Tunisia,TUN,2–0,2,0,2,-2,0,0,0-0,0,0,home team win,1,0,0,2002,2,2,Home Win
680,WC-2002,2002 FIFA Men's World Cup,M-2002-16,United States vs Portugal,group stage,Group D,1,0,0,0,2002-06-05,18:00,S-178,Suwon World Cup Stadium,Suwon,South Korea,T-83,United States,USA,T-58,Portugal,PRT,3–2,3,2,1,-1,0,0,0-0,0,0,home team win,1,0,0,2002,5,1,Home Win
681,WC-2002,2002 FIFA Men's World Cup,M-2002-17,Germany vs Republic of Ireland,group stage,Group E,1,0,0,0,2002-06-05,20:30,S-118,Kashima Stadium,Ibaraki,Japan,T-31,Germany,DEU,T-60,Republic of Ireland,IRL,1–1,1,1,0,0,0,0,0-0,0,0,draw,0,0,1,2002,2,0,Draw
682,WC-2002,2002 FIFA Men's World Cup,M-2002-18,Denmark vs Senegal,group stage,Group A,1,0,0,0,2002-06-06,15:30,S-171,Daegu World Cup Stadium,Daegu,South Korea,T-22,Denmark,DNK,T-65,Senegal,SEN,1–1,1,1,0,0,0,0,0-0,0,0,draw,0,0,1,2002,2,0,Draw
683,WC-2002,2002 FIFA Men's World Cup,M-2002-19,Cameroon vs Saudi Arabia,group stage,Group E,1,0,0,0,2002-06-06,18:00,S-124,Saitama Stadium,Saitama,Japan,T-11,Cameroon,CMR,T-63,Saudi Arabia,SAU,1–0,1,0,1,-1,0,0,0-0,0,0,home team win,1,0,0,2002,1,1,Home Win
684,WC-2002,2002 FIFA Men's World Cup,M-2002-20,France vs Uruguay,group stage,Group A,1,0,0,0,2002-06-06,20:30,S-170,Busan Asiad Stadium,Busan,South Korea,T-30,France,FRA,T-84,Uruguay,URY,0–0,0,0,0,0,0,0,0-0,0,0,draw,0,0,1,2002,0,0,Draw
685,WC-2002,2002 FIFA Men's World Cup,M-2002-21,Sweden vs Nigeria,group stage,Group F,1,0,0,0,2002-06-07,15:30,S-119,Kobe Wing Stadium,Kobe,Japan,T-74,Sweden,SWE,T-50,Nigeria,NGA,2–1,2,1,1,-1,0,0,0-0,0,0,home team win,1,0,0,2002,3,1,Home Win
686,WC-2002,2002 FIFA Men's World Cup,M-2002-22,Spain vs Paraguay,group stage,Group B,1,0,0,0,2002-06-07,18:00,S-175,Jeonju World Cup Stadium,Jeonju,South Korea,T-73,Spain,ESP,T-55,Paraguay,PRY,3–1,3,1,2,-2,0,0,0-0,0,0,home team win,1,0,0,2002,4,2,Home Win
687,WC-2002,2002 FIFA Men's World Cup,M-2002-23,Argentina vs England,group stage,Group F,1,0,0,0,2002-06-07,20:30,S-125,Sapporo Dome,Sapporo,Japan,T-03,Argentina,ARG,T-28,England,ENG,0–1,0,1,-1,1,0,0,0-0,0,0,away team win,0,1,0,2002,1,1,Away Win
688,WC-2002,2002 FIFA Men's World Cup,M-2002-24,South Africa vs Slovenia,group stage,Group B,1,0,0,0,2002-06-08,15:30,S-171,Daegu World Cup Stadium,Daegu,South Korea,T-70,South Africa,ZAF,T-69,Slovenia,SVN,1–0,1,0,1,-1,0,0,0-0,0,0,home team win,1,0,0,2002,1,1,Home Win
689,WC-2002,2002 FIFA Men's World Cup,M-2002-25,Italy vs Croatia,group stage,Group G,1,0,0,0,2002-06-08,18:00,S-118,Kashima Stadium,Ibaraki,Japan,T-41,Italy,ITA,T-18,Croatia,HRV,1–2,1,2,-1,1,0,0,0-0,0,0,away team win,0,1,0,2002,3,1,Away Win
690,WC-2002,2002 FIFA Men's World Cup,M-2002-26,Brazil vs China,group stage,Group C,1,0,0,0,2002-06-08,20:30,S-176,Jeju World Cup Stadium,Seogwipo,South Korea,T-09,Brazil,BRA,T-14,China,CHN,4–0,4,0,4,-4,0,0,0-0,0,0,home team win,1,0,0,2002,4,4,Home Win
691,WC-2002,2002 FIFA Men's World Cup,M-2002-27,Mexico vs Ecuador,group stage,Group G,1,0,0,0,2002-06-09,15:30,S-120,Miyagi Stadium,Miyagi,Japan,T-46,Mexico,MEX,T-25,Ecuador,ECU,2–1,2,1,1,-1,0,0,0-0,0,0,home team win,1,0,0,2002,3,1,Home Win
692,WC-2002,2002 FIFA Men's World Cup,M-2002-28,Costa Rica vs Turkey,group stage,Group C,1,0,0,0,2002-06-09,18:00,S-174,Incheon Munhak Stadium,Incheon,South Korea,T-17,Costa Rica,CRI,T-80,Turkey,TUR,1–1,1,1,0,0,0,0,0-0,0,0,draw,0,0,1,2002,2,0,Draw
693,WC-2002,2002 FIFA Men's World Cup,M-2002-29,Japan vs Russia,group stage,Group H,1,0,0,0,2002-06-09,20:30,S-127,International Stadium Yokohama,Yokohama,Japan,T-44,Japan,JPN,T-62,Russia,RUS,1–0,1,0,1,-1,0,0,0-0,0,0,home team win,1,0,0,2002,1,1,Home Win
694,WC-2002,2002 FIFA Men's World Cup,M-2002-30,South Korea vs United States,group stage,Group D,1,0,0,0,2002-06-10,15:30,S-171,Daegu World Cup Stadium,Daegu,South Korea,T-71,South Korea,KOR,T-83,United States,USA,1–1,1,1,0,0,0,0,0-0,0,0,draw,0,0,1,2002,2,0,Draw
695,WC-2002,2002 FIFA Men's World Cup,M-2002-31,Tunisia vs Belgium,group stage,Group H,1,0,0,0,2002-06-10,18:00,S-122,Ōita Stadium,Ōita,Japan,T-79,Tunisia,TUN,T-06,Belgium,BEL,1–1,1,1,0,0,0,0,0-0,0,0,draw,0,0,1,2002,2,0,Draw
696,WC-2002,2002 FIFA Men's World Cup,M-2002-32,Portugal vs Poland,group stage,Group D,1,0,0,0,2002-06-10,20:30,S-175,Jeonju World Cup Stadium,Jeonju,South Korea,T-58,Portugal,PRT,T-57,Poland,POL,4–0,4,0,4,-4,0,0,0-0,0,0,home team win,1,0,0,2002,4,4,Home Win
697,WC-2002,2002 FIFA Men's World Cup,M-2002-33,Denmark vs France,group stage,Group A,1,0,0,0,2002-06-11,15:30,S-174,Incheon Munhak Stadium,Incheon,South Korea,T-22,Denmark,DNK,T-30,France,FRA,2–0,2,0,2,-2,0,0,0-0,0,0,home team win,1,0,0,2002,2,2,Home Win
698,WC-2002,2002 FIFA Men's World Cup,M-2002-34,Senegal vs Uruguay,group stage,Group A,1,0,0,0,2002-06-11,15:30,S-178,Suwon World Cup Stadium,Suwon,South Korea,T-65,Senegal,SEN,T-84,Uruguay,URY,3–3,3,3,0,0,0,0,0-0,0,0,draw,0,0,1,2002,6,0,Draw
699,WC-2002,2002 FIFA Men's World Cup,M-2002-35,Cameroon vs Germany,group stage,Group E,1,0,0,0,2002-06-11,20:30,S-126,Shizuoka Stadium ECOPA,Shizuoka,Japan,T-11,Cameroon,CMR,T-31,Germany,DEU,0–2,0,2,-2,2,0,0,0-0,0,0,away team win,0,1,0,2002,2,2,Away Win
700,WC-2002,2002 FIFA Men's World Cup,M-2002-36,Saudi Arabia vs Republic of Ireland,group stage,Group E,1,0,0,0,2002-06-11,20:30,S-127,International Stadium Yokohama,Yokohama,Japan,T-63,Saudi Arabia,SAU,T-60,Republic of Ireland,IRL,0–3,0,3,-3,3,0,0,0-0,0,0,away team win,0,1,0,2002,3,3,Away Win
701,WC-2002,2002 FIFA Men's World Cup,M-2002-37,Nigeria vs England,group stage,Group F,1,0,0,0,2002-06-12,15:30,S-123,Nagai Stadium,Osaka,Japan,T-50,Nigeria,NGA,T-28,England,ENG,0–0,0,0,0,0,0,0,0-0,0,0,draw,0,0,1,2002,0,0,Draw
702,WC-2002,2002 FIFA Men's World Cup,M-2002-38,Sweden vs Argentina,group stage,Group F,1,0,0,0,2002-06-12,15:30,S-120,Miyagi Stadium,Miyagi,Japan,T-74,Sweden,SWE,T-03,Argentina,ARG,1–1,1,1,0,0,0,0,0-0,0,0,draw,0,0,1,2002,2,0,Draw
703,WC-2002,2002 FIFA Men's World Cup,M-2002-39,Slovenia vs Paraguay,group stage,Group B,1,0,0,0,2002-06-12,20:30,S-176,Jeju World Cup Stadium,Seogwipo,South Korea,T-69,Slovenia,SVN,T-55,Paraguay,PRY,1–3,1,3,-2,2,0,0,0-0,0,0,away team win,0,1,0,2002,4,2,Away Win
704,WC-2002,2002 FIFA Men's World Cup,M-2002-40,South Africa vs Spain,group stage,Group B,1,0,0,0,2002-06-12,20:30,S-172,Daejeon World Cup Stadium,Daejeon,South Korea,T-70,South Africa,ZAF,T-73,Spain,ESP,2–3,2,3,-1,1,0,0,0-0,0,0,away team win,0,1,0,2002,5,1,Away Win
705,WC-2002,2002 FIFA Men's World Cup,M-2002-41,Costa Rica vs Brazil,group stage,Group C,1,0,0,0,2002-06-13,15:30,S-178,Suwon World Cup Stadium,Suwon,South Korea,T-17,Costa Rica,CRI,T-09,Brazil,BRA,2–5,2,5,-3,3,0,0,0-0,0,0,away team win,0,1,0,2002,7,3,Away Win
706,WC-2002,2002 FIFA Men's World Cup,M-2002-42,Turkey vs China,group stage,Group C,1,0,0,0,2002-06-13,15:30,S-177,Seoul World Cup Stadium,Seoul,South Korea,T-80,Turkey,TUR,T-14,China,CHN,3–0,3,0,3,-3,0,0,0-0,0,0,home team win,1,0,0,2002,3,3,Home Win
707,WC-2002,2002 FIFA Men's World Cup,M-2002-43,Ecuador vs Croatia,group stage,Group G,1,0,0,0,2002-06-13,20:30,S-127,International Stadium Yokohama,Yokohama,Japan,T-25,Ecuador,ECU,T-18,Croatia,HRV,1–0,1,0,1,-1,0,0,0-0,0,0,home team win,1,0,0,2002,1,1,Home Win
708,WC-2002,2002 FIFA Men's World Cup,M-2002-44,Mexico vs Italy,group stage,Group G,1,0,0,0,2002-06-13,20:30,S-122,Ōita Stadium,Ōita,Japan,T-46,Mexico,MEX,T-41,Italy,ITA,1–1,1,1,0,0,0,0,0-0,0,0,draw,0,0,1,2002,2,0,Draw
709,WC-2002,2002 FIFA Men's World Cup,M-2002-45,Belgium vs Russia,group stage,Group H,1,0,0,0,2002-06-14,15:30,S-126,Shizuoka Stadium ECOPA,Shizuoka,Japan,T-06,Belgium,BEL,T-62,Russia,RUS,3–2,3,2,1,-1,0,0,0-0,0,0,home team win,1,0,0,2002,5,1,Home Win
710,WC-2002,2002 FIFA Men's World Cup,M-2002-46,Tunisia vs Japan,group stage,Group H,1,0,0,0,2002-06-14,15:30,S-123,Nagai Stadium,Osaka,Japan,T-79,Tunisia,TUN,T-44,Japan,JPN,0–2,0,2,-2,2,0,0,0-0,0,0,away team win,0,1,0,2002,2,2,Away Win
711,WC-2002,2002 FIFA Men's World Cup,M-2002-47,Poland vs United States,group stage,Group D,1,0,0,0,2002-06-14,20:30,S-172,Daejeon World Cup Stadium,Daejeon,South Korea,T-57,Poland,POL,T-83,United States,USA,3–1,3,1,2,-2,0,0,0-0,0,0,home team win,1,0,0,2002,4,2,Home Win
712,WC-2002,2002 FIFA Men's World Cup,M-2002-48,Portugal vs South Korea,group stage,Group D,1,0,0,0,2002-06-14,20:30,S-174,Incheon Munhak Stadium,Incheon,South Korea,T-58,Portugal,PRT,T-71,South Korea,KOR,0–1,0,1,-1,1,0,0,0-0,0,0,away team win,0,1,0,2002,1,1,Away Win
713,WC-2002,2002 FIFA Men's World Cup,M-2002-49,Germany vs Paraguay,round of 16,not applicable,0,1,0,0,2002-06-15,15:30,S-176,Jeju World Cup Stadium,Seogwipo,South Korea,T-31,Germany,DEU,T-55,Paraguay,PRY,1–0,1,0,1,-1,0,0,0-0,0,0,home team win,1,0,0,2002,1,1,Home Win
714,WC-2002,2002 FIFA Men's World Cup,M-2002-50,Denmark vs England,round of 16,not applicable,0,1,0,0,2002-06-15,20:30,S-121,Niigata Stadium,Niigata,Japan,T-22,Denmark,DNK,T-28,England,ENG,0–3,0,3,-3,3,0,0,0-0,0,0,away team win,0,1,0,2002,3,3,Away Win
715,WC-2002,2002 FIFA Men's World Cup,M-2002-51,Sweden vs Senegal,round of 16,not applicable,0,1,0,0,2002-06-16,15:30,S-122,Ōita Stadium,Ōita,Japan,T-74,Sweden,SWE,T-65,Senegal,SEN,1–2,1,2,-1,1,1,0,0-0,0,0,away team win,0,1,0,2002,3,1,Away Win
716,WC-2002,2002 FIFA Men's World Cup,M-2002-52,Spain vs Republic of Ireland,round of 16,not applicable,0,1,0,0,2002-06-16,20:30,S-178,Suwon World Cup Stadium,Suwon,South Korea,T-73,Spain,ESP,T-60,Republic of Ireland,IRL,1–1,1,1,0,0,1,1,3–2,3,2,home team win,1,0,0,2002,2,0,Home Win
717,WC-2002,2002 FIFA Men's World Cup,M-2002-53,Mexico vs United States,round of 16,not applicable,0,1,0,0,2002-06-17,15:30,S-175,Jeonju World Cup Stadium,Jeonju,South Korea,T-46,Mexico,MEX,T-83,United States,USA,0–2,0,2,-2,2,0,0,0-0,0,0,away team win,0,1,0,2002,2,2,Away Win
718,WC-2002,2002 FIFA Men's World Cup,M-2002-54,Brazil vs Belgium,round of 16,not applicable,0,1,0,0,2002-06-17,20:30,S-119,Kobe Wing Stadium,Kobe,Japan,T-09,Brazil,BRA,T-06,Belgium,BEL,2–0,2,0,2,-2,0,0,0-0,0,0,home team win,1,0,0,2002,2,2,Home Win
719,WC-2002,2002 FIFA Men's World Cup,M-2002-55,Japan vs Turkey,round of 16,not applicable,0,1,0,0,2002-06-18,15:30,S-120,Miyagi Stadium,Miyagi,Japan,T-44,Japan,JPN,T-80,Turkey,TUR,0–1,0,1,-1,1,0,0,0-0,0,0,away team win,0,1,0,2002,1,1,Away Win
720,WC-2002,2002 FIFA Men's World Cup,M-2002-56,South Korea vs Italy,round of 16,not applicable,0,1,0,0,2002-06-18,20:30,S-172,Daejeon World Cup Stadium,Daejeon,South Korea,T-71,South Korea,KOR,T-41,Italy,ITA,2–1,2,1,1,-1,1,0,0-0,0,0,home team win,1,0,0,2002,3,1,Home Win
721,WC-2002,2002 FIFA Men's World Cup,M-2002-57,England vs Brazil,quarter-finals,not applicable,0,1,0,0,2002-06-21,15:30,S-126,Shizuoka Stadium ECOPA,Shizuoka,Japan,T-28,England,ENG,T-09,Brazil,BRA,1–2,1,2,-1,1,0,0,0-0,0,0,away team win,0,1,0,2002,3,1,Away Win
722,WC-2002,2002 FIFA Men's World Cup,M-2002-58,Germany vs United States,quarter-finals,not applicable,0,1,0,0,2002-06-21,20:30,S-179,Ulsan Munsu Football Stadium,Ulsan,South Korea,T-31,Germany,DEU,T-83,United States,USA,1–0,1,0,1,-1,0,0,0-0,0,0,home team win,1,0,0,2002,1,1,Home Win
723,WC-2002,2002 FIFA Men's World Cup,M-2002-59,Spain vs South Korea,quarter-finals,not applicable,0,1,0,0,2002-06-22,15:30,S-173,Gwangju World Cup Stadium,Gwangju,South Korea,T-73,Spain,ESP,T-71,South Korea,KOR,0–0,0,0,0,0,1,1,3–5,3,5,away team win,0,1,0,2002,0,0,Away Win
724,WC-2002,2002 FIFA Men's World Cup,M-2002-60,Senegal vs Turkey,quarter-finals,not applicable,0,1,0,0,2002-06-22,20:30,S-123,Nagai Stadium,Osaka,Japan,T-65,Senegal,SEN,T-80,Turkey,TUR,0–1,0,1,-1,1,1,0,0-0,0,0,away team win,0,1,0,2002,1,1,Away Win
725,WC-2002,2002 FIFA Men's World Cup,M-2002-61,Germany vs South Korea,semi-finals,not applicable,0,1,0,0,2002-06-25,20:30,S-177,Seoul World Cup Stadium,Seoul,South Korea,T-31,Germany,DEU,T-71,South Korea,KOR,1–0,1,0,1,-1,0,0,0-0,0,0,home team win,1,0,0,2002,1,1,Home Win
726,WC-2002,2002 FIFA Men's World Cup,M-2002-62,Brazil vs Turkey,semi-finals,not applicable,0,1,0,0,2002-06-26,20:30,S-124,Saitama Stadium,Saitama,Japan,T-09,Brazil,BRA,T-80,Turkey,TUR,1–0,1,0,1,-1,0,0,0-0,0,0,home team win,1,0,0,2002,1,1,Home Win
727,WC-2002,2002 FIFA Men's World Cup,M-2002-63,South Korea vs Turkey,third-place match,not applicable,0,1,0,0,2002-06-29,20:00,S-171,Daegu World Cup Stadium,Daegu,South Korea,T-71,South Korea,KOR,T-80,Turkey,TUR,2–3,2,3,-1,1,0,0,0-0,0,0,away team win,0,1,0,2002,5,1,Away Win
728,WC-2002,2002 FIFA Men's World Cup,M-2002-64,Germany vs Brazil,final,not applicable,0,1,0,0,2002-06-30,20:00,S-127,International Stadium Yokohama,Yokohama,Japan,T-31,Germany,DEU,T-09,Brazil,BRA,0–2,0,2,-2,2,0,0,0-0,0,0,away team win,0,1,0,2002,2,2,Away Win
761,WC-2006,2006 FIFA Men's World Cup,M-2006-01,Germany vs Costa Rica,group stage,Group A,1,0,0,0,2006-06-09,18:00,S-095,Allianz Arena,Munich,Germany,T-31,Germany,DEU,T-17,Costa Rica,CRI,4–2,4,2,2,-2,0,0,0-0,0,0,home team win,1,0,0,2006,6,2,Home Win
762,WC-2006,2006 FIFA Men's World Cup,M-2006-02,Poland vs Ecuador,group stage,Group A,1,0,0,0,2006-06-09,21:00,S-087,Arena AufShalke,Gelsenkirchen,Germany,T-57,Poland,POL,T-25,Ecuador,ECU,0–2,0,2,-2,2,0,0,0-0,0,0,away team win,0,1,0,2006,2,2,Away Win
763,WC-2006,2006 FIFA Men's World Cup,M-2006-03,England vs Paraguay,group stage,Group B,1,0,0,0,2006-06-10,15:00,S-086,Waldstadion,Frankfurt,Germany,T-28,England,ENG,T-55,Paraguay,PRY,1–0,1,0,1,-1,0,0,0-0,0,0,home team win,1,0,0,2006,1,1,Home Win
764,WC-2006,2006 FIFA Men's World Cup,M-2006-04,Trinidad and Tobago vs Sweden,group stage,Group B,1,0,0,0,2006-06-10,18:00,S-083,Westfalenstadion,Dortmund,Germany,T-78,Trinidad and Tobago,TTO,T-74,Sweden,SWE,0–0,0,0,0,0,0,0,0-0,0,0,draw,0,0,1,2006,0,0,Draw
765,WC-2006,2006 FIFA Men's World Cup,M-2006-05,Argentina vs Ivory Coast,group stage,Group C,1,0,0,0,2006-06-10,21:00,S-089,Volksparkstadion,Hamburg,Germany,T-03,Argentina,ARG,T-42,Ivory Coast,CIV,2–1,2,1,1,-1,0,0,0-0,0,0,home team win,1,0,0,2006,3,1,Home Win
766,WC-2006,2006 FIFA Men's World Cup,M-2006-06,Serbia and Montenegro vs Netherlands,group stage,Group C,1,0,0,0,2006-06-11,15:00,S-092,Zentralstadion,Leipzig,Germany,T-67,Serbia and Montenegro,SCG,T-48,Netherlands,NLD,0–1,0,1,-1,1,0,0,0-0,0,0,away team win,0,1,0,2006,1,1,Away Win
767,WC-2006,2006 FIFA Men's World Cup,M-2006-07,Mexico vs Iran,group stage,Group D,1,0,0,0,2006-06-11,18:00,S-097,Frankenstadion,Nuremberg,Germany,T-46,Mexico,MEX,T-38,Iran,IRN,3–1,3,1,2,-2,0,0,0-0,0,0,home team win,1,0,0,2006,4,2,Home Win
768,WC-2006,2006 FIFA Men's World Cup,M-2006-08,Angola vs Portugal,group stage,Group D,1,0,0,0,2006-06-11,21:00,S-082,RheinEnergieStadion,Cologne,Germany,T-02,Angola,AGO,T-58,Portugal,PRT,0–1,0,1,-1,1,0,0,0-0,0,0,away team win,0,1,0,2006,1,1,Away Win
769,WC-2006,2006 FIFA Men's World Cup,M-2006-09,Australia vs Japan,group stage,Group F,1,0,0,0,2006-06-12,15:00,S-091,Fritz-Walter-Stadion,Kaiserslautern,Germany,T-04,Australia,AUS,T-44,Japan,JPN,3–1,3,1,2,-2,0,0,0-0,0,0,home team win,1,0,0,2006,4,2,Home Win
770,WC-2006,2006 FIFA Men's World Cup,M-2006-10,United States vs Czech Republic,group stage,Group E,1,0,0,0,2006-06-12,18:00,S-087,Arena AufShalke,Gelsenkirchen,Germany,T-83,United States,USA,T-20,Czech Republic,CZE,0–3,0,3,-3,3,0,0,0-0,0,0,away team win,0,1,0,2006,3,3,Away Win
771,WC-2006,2006 FIFA Men's World Cup,M-2006-11,Italy vs Ghana,group stage,Group E,1,0,0,0,2006-06-12,21:00,S-090,Niedersachsenstadion,Hanover,Germany,T-41,Italy,ITA,T-32,Ghana,GHA,2–0,2,0,2,-2,0,0,0-0,0,0,home team win,1,0,0,2006,2,2,Home Win
772,WC-2006,2006 FIFA Men's World Cup,M-2006-12,South Korea vs Togo,group stage,Group G,1,0,0,0,2006-06-13,15:00,S-086,Waldstadion,Frankfurt,Germany,T-71,South Korea,KOR,T-77,Togo,TGO,2–1,2,1,1,-1,0,0,0-0,0,0,home team win,1,0,0,2006,3,1,Home Win
773,WC-2006,2006 FIFA Men's World Cup,M-2006-13,France vs Switzerland,group stage,Group G,1,0,0,0,2006-06-13,18:00,S-099,Neckarstadion,Stuttgart,Germany,T-30,France,FRA,T-75,Switzerland,CHE,0–0,0,0,0,0,0,0,0-0,0,0,draw,0,0,1,2006,0,0,Draw
774,WC-2006,2006 FIFA Men's World Cup,M-2006-14,Brazil vs Croatia,group stage,Group F,1,0,0,0,2006-06-13,21:00,S-080,Olympiastadion,Berlin,Germany,T-09,Brazil,BRA,T-18,Croatia,HRV,1–0,1,0,1,-1,0,0,0-0,0,0,home team win,1,0,0,2006,1,1,Home Win
775,WC-2006,2006 FIFA Men's World Cup,M-2006-15,Spain vs Ukraine,group stage,Group H,1,0,0,0,2006-06-14,15:00,S-092,Zentralstadion,Leipzig,Germany,T-73,Spain,ESP,T-81,Ukraine,UKR,4–0,4,0,4,-4,0,0,0-0,0,0,home team win,1,0,0,2006,4,4,Home Win
776,WC-2006,2006 FIFA Men's World Cup,M-2006-16,Tunisia vs Saudi Arabia,group stage,Group H,1,0,0,0,2006-06-14,18:00,S-095,Allianz Arena,Munich,Germany,T-79,Tunisia,TUN,T-63,Saudi Arabia,SAU,2–2,2,2,0,0,0,0,0-0,0,0,draw,0,0,1,2006,4,0,Draw
777,WC-2006,2006 FIFA Men's World Cup,M-2006-17,Germany vs Poland,group stage,Group A,1,0,0,0,2006-06-14,21:00,S-083,Westfalenstadion,Dortmund,Germany,T-31,Germany,DEU,T-57,Poland,POL,1–0,1,0,1,-1,0,0,0-0,0,0,home team win,1,0,0,2006,1,1,Home Win
778,WC-2006,2006 FIFA Men's World Cup,M-2006-18,Ecuador vs Costa Rica,group stage,Group A,1,0,0,0,2006-06-15,15:00,S-089,Volksparkstadion,Hamburg,Germany,T-25,Ecuador,ECU,T-17,Costa Rica,CRI,3–0,3,0,3,-3,0,0,0-0,0,0,home team win,1,0,0,2006,3,3,Home Win
779,WC-2006,2006 FIFA Men's World Cup,M-2006-19,England vs Trinidad and Tobago,group stage,Group B,1,0,0,0,2006-06-15,18:00,S-097,Frankenstadion,Nuremberg,Germany,T-28,England,ENG,T-78,Trinidad and Tobago,TTO,2–0,2,0,2,-2,0,0,0-0,0,0,home team win,1,0,0,2006,2,2,Home Win
780,WC-2006,2006 FIFA Men's World Cup,M-2006-20,Sweden vs Paraguay,group stage,Group B,1,0,0,0,2006-06-15,21:00,S-080,Olympiastadion,Berlin,Germany,T-74,Sweden,SWE,T-55,Paraguay,PRY,1–0,1,0,1,-1,0,0,0-0,0,0,home team win,1,0,0,2006,1,1,Home Win
781,WC-2006,2006 FIFA Men's World Cup,M-2006-21,Argentina vs Serbia and Montenegro,group stage,Group C,1,0,0,0,2006-06-16,15:00,S-087,Arena AufShalke,Gelsenkirchen,Germany,T-03,Argentina,ARG,T-67,Serbia and Montenegro,SCG,6–0,6,0,6,-6,0,0,0-0,0,0,home team win,1,0,0,2006,6,6,Home Win
782,WC-2006,2006 FIFA Men's World Cup,M-2006-22,Netherlands vs Ivory Coast,group stage,Group C,1,0,0,0,2006-06-16,18:00,S-099,Neckarstadion,Stuttgart,Germany,T-48,Netherlands,NLD,T-42,Ivory Coast,CIV,2–1,2,1,1,-1,0,0,0-0,0,0,home team win,1,0,0,2006,3,1,Home Win
783,WC-2006,2006 FIFA Men's World Cup,M-2006-23,Mexico vs Angola,group stage,Group D,1,0,0,0,2006-06-16,21:00,S-090,Niedersachsenstadion,Hanover,Germany,T-46,Mexico,MEX,T-02,Angola,AGO,0–0,0,0,0,0,0,0,0-0,0,0,draw,0,0,1,2006,0,0,Draw
784,WC-2006,2006 FIFA Men's World Cup,M-2006-24,Portugal vs Iran,group stage,Group D,1,0,0,0,2006-06-17,15:00,S-086,Waldstadion,Frankfurt,Germany,T-58,Portugal,PRT,T-38,Iran,IRN,2–0,2,0,2,-2,0,0,0-0,0,0,home team win,1,0,0,2006,2,2,Home Win
785,WC-2006,2006 FIFA Men's World Cup,M-2006-25,Czech Republic vs Ghana,group stage,Group E,1,0,0,0,2006-06-17,18:00,S-082,RheinEnergieStadion,Cologne,Germany,T-20,Czech Republic,CZE,T-32,Ghana,GHA,0–2,0,2,-2,2,0,0,0-0,0,0,away team win,0,1,0,2006,2,2,Away Win
786,WC-2006,2006 FIFA Men's World Cup,M-2006-26,Italy vs United States,group stage,Group E,1,0,0,0,2006-06-17,21:00,S-091,Fritz-Walter-Stadion,Kaiserslautern,Germany,T-41,Italy,ITA,T-83,United States,USA,1–1,1,1,0,0,0,0,0-0,0,0,draw,0,0,1,2006,2,0,Draw
787,WC-2006,2006 FIFA Men's World Cup,M-2006-27,Japan vs Croatia,group stage,Group F,1,0,0,0,2006-06-18,15:00,S-097,Frankenstadion,Nuremberg,Germany,T-44,Japan,JPN,T-18,Croatia,HRV,0–0,0,0,0,0,0,0,0-0,0,0,draw,0,0,1,2006,0,0,Draw
788,WC-2006,2006 FIFA Men's World Cup,M-2006-28,Brazil vs Australia,group stage,Group F,1,0,0,0,2006-06-18,18:00,S-095,Allianz Arena,Munich,Germany,T-09,Brazil,BRA,T-04,Australia,AUS,2–0,2,0,2,-2,0,0,0-0,0,0,home team win,1,0,0,2006,2,2,Home Win
789,WC-2006,2006 FIFA Men's World Cup,M-2006-29,France vs South Korea,group stage,Group G,1,0,0,0,2006-06-18,21:00,S-092,Zentralstadion,Leipzig,Germany,T-30,France,FRA,T-71,South Korea,KOR,1–1,1,1,0,0,0,0,0-0,0,0,draw,0,0,1,2006,2,0,Draw
790,WC-2006,2006 FIFA Men's World Cup,M-2006-30,Togo vs Switzerland,group stage,Group G,1,0,0,0,2006-06-19,15:00,S-083,Westfalenstadion,Dortmund,Germany,T-77,Togo,TGO,T-75,Switzerland,CHE,0–2,0,2,-2,2,0,0,0-0,0,0,away team win,0,1,0,2006,2,2,Away Win
791,WC-2006,2006 FIFA Men's World Cup,M-2006-31,Saudi Arabia vs Ukraine,group stage,Group H,1,0,0,0,2006-06-19,18:00,S-089,Volksparkstadion,Hamburg,Germany,T-63,Saudi Arabia,SAU,T-81,Ukraine,UKR,0–4,0,4,-4,4,0,0,0-0,0,0,away team win,0,1,0,2006,4,4,Away Win
792,WC-2006,2006 FIFA Men's World Cup,M-2006-32,Spain vs Tunisia,group stage,Group H,1,0,0,0,2006-06-19,21:00,S-099,Neckarstadion,Stuttgart,Germany,T-73,Spain,ESP,T-79,Tunisia,TUN,3–1,3,1,2,-2,0,0,0-0,0,0,home team win,1,0,0,2006,4,2,Home Win
793,WC-2006,2006 FIFA Men's World Cup,M-2006-33,Costa Rica vs Poland,group stage,Group A,1,0,0,0,2006-06-20,16:00,S-090,Niedersachsenstadion,Hanover,Germany,T-17,Costa Rica,CRI,T-57,Poland,POL,1–2,1,2,-1,1,0,0,0-0,0,0,away team win,0,1,0,2006,3,1,Away Win
794,WC-2006,2006 FIFA Men's World Cup,M-2006-34,Ecuador vs Germany,group stage,Group A,1,0,0,0,2006-06-20,16:00,S-080,Olympiastadion,Berlin,Germany,T-25,Ecuador,ECU,T-31,Germany,DEU,0–3,0,3,-3,3,0,0,0-0,0,0,away team win,0,1,0,2006,3,3,Away Win
795,WC-2006,2006 FIFA Men's World Cup,M-2006-35,Paraguay vs Trinidad and Tobago,group stage,Group B,1,0,0,0,2006-06-20,21:00,S-091,Fritz-Walter-Stadion,Kaiserslautern,Germany,T-55,Paraguay,PRY,T-78,Trinidad and Tobago,TTO,2–0,2,0,2,-2,0,0,0-0,0,0,home team win,1,0,0,2006,2,2,Home Win
796,WC-2006,2006 FIFA Men's World Cup,M-2006-36,Sweden vs England,group stage,Group B,1,0,0,0,2006-06-20,21:00,S-082,RheinEnergieStadion,Cologne,Germany,T-74,Sweden,SWE,T-28,England,ENG,2–2,2,2,0,0,0,0,0-0,0,0,draw,0,0,1,2006,4,0,Draw
797,WC-2006,2006 FIFA Men's World Cup,M-2006-37,Iran vs Angola,group stage,Group D,1,0,0,0,2006-06-21,16:00,S-092,Zentralstadion,Leipzig,Germany,T-38,Iran,IRN,T-02,Angola,AGO,1–1,1,1,0,0,0,0,0-0,0,0,draw,0,0,1,2006,2,0,Draw
798,WC-2006,2006 FIFA Men's World Cup,M-2006-38,Portugal vs Mexico,group stage,Group D,1,0,0,0,2006-06-21,16:00,S-087,Arena AufShalke,Gelsenkirchen,Germany,T-58,Portugal,PRT,T-46,Mexico,MEX,2–1,2,1,1,-1,0,0,0-0,0,0,home team win,1,0,0,2006,3,1,Home Win
799,WC-2006,2006 FIFA Men's World Cup,M-2006-39,Ivory Coast vs Serbia and Montenegro,group stage,Group C,1,0,0,0,2006-06-21,21:00,S-095,Allianz Arena,Munich,Germany,T-42,Ivory Coast,CIV,T-67,Serbia and Montenegro,SCG,3–2,3,2,1,-1,0,0,0-0,0,0,home team win,1,0,0,2006,5,1,Home Win
800,WC-2006,2006 FIFA Men's World Cup,M-2006-40,Netherlands vs Argentina,group stage,Group C,1,0,0,0,2006-06-21,21:00,S-086,Waldstadion,Frankfurt,Germany,T-48,Netherlands,NLD,T-03,Argentina,ARG,0–0,0,0,0,0,0,0,0-0,0,0,draw,0,0,1,2006,0,0,Draw
801,WC-2006,2006 FIFA Men's World Cup,M-2006-41,Czech Republic vs Italy,group stage,Group E,1,0,0,0,2006-06-22,16:00,S-089,Volksparkstadion,Hamburg,Germany,T-20,Czech Republic,CZE,T-41,Italy,ITA,0–2,0,2,-2,2,0,0,0-0,0,0,away team win,0,1,0,2006,2,2,Away Win
802,WC-2006,2006 FIFA Men's World Cup,M-2006-42,Ghana vs United States,group stage,Group E,1,0,0,0,2006-06-22,16:00,S-097,Frankenstadion,Nuremberg,Germany,T-32,Ghana,GHA,T-83,United States,USA,2–1,2,1,1,-1,0,0,0-0,0,0,home team win,1,0,0,2006,3,1,Home Win
803,WC-2006,2006 FIFA Men's World Cup,M-2006-43,Croatia vs Australia,group stage,Group F,1,0,0,0,2006-06-22,21:00,S-099,Neckarstadion,Stuttgart,Germany,T-18,Croatia,HRV,T-04,Australia,AUS,2–2,2,2,0,0,0,0,0-0,0,0,draw,0,0,1,2006,4,0,Draw
804,WC-2006,2006 FIFA Men's World Cup,M-2006-44,Japan vs Brazil,group stage,Group F,1,0,0,0,2006-06-22,21:00,S-083,Westfalenstadion,Dortmund,Germany,T-44,Japan,JPN,T-09,Brazil,BRA,1–4,1,4,-3,3,0,0,0-0,0,0,away team win,0,1,0,2006,5,3,Away Win
805,WC-2006,2006 FIFA Men's World Cup,M-2006-45,Saudi Arabia vs Spain,group stage,Group H,1,0,0,0,2006-06-23,16:00,S-091,Fritz-Walter-Stadion,Kaiserslautern,Germany,T-63,Saudi Arabia,SAU,T-73,Spain,ESP,0–1,0,1,-1,1,0,0,0-0,0,0,away team win,0,1,0,2006,1,1,Away Win
806,WC-2006,2006 FIFA Men's World Cup,M-2006-46,Ukraine vs Tunisia,group stage,Group H,1,0,0,0,2006-06-23,16:00,S-080,Olympiastadion,Berlin,Germany,T-81,Ukraine,UKR,T-79,Tunisia,TUN,1–0,1,0,1,-1,0,0,0-0,0,0,home team win,1,0,0,2006,1,1,Home Win
807,WC-2006,2006 FIFA Men's World Cup,M-2006-47,Switzerland vs South Korea,group stage,Group G,1,0,0,0,2006-06-23,21:00,S-090,Niedersachsenstadion,Hanover,Germany,T-75,Switzerland,CHE,T-71,South Korea,KOR,2–0,2,0,2,-2,0,0,0-0,0,0,home team win,1,0,0,2006,2,2,Home Win
808,WC-2006,2006 FIFA Men's World Cup,M-2006-48,Togo vs France,group stage,Group G,1,0,0,0,2006-06-23,21:00,S-082,RheinEnergieStadion,Cologne,Germany,T-77,Togo,TGO,T-30,France,FRA,0–2,0,2,-2,2,0,0,0-0,0,0,away team win,0,1,0,2006,2,2,Away Win
809,WC-2006,2006 FIFA Men's World Cup,M-2006-49,Germany vs Sweden,round of 16,not applicable,0,1,0,0,2006-06-24,17:00,S-095,Allianz Arena,Munich,Germany,T-31,Germany,DEU,T-74,Sweden,SWE,2–0,2,0,2,-2,0,0,0-0,0,0,home team win,1,0,0,2006,2,2,Home Win
810,WC-2006,2006 FIFA Men's World Cup,M-2006-50,Argentina vs Mexico,round of 16,not applicable,0,1,0,0,2006-06-24,21:00,S-092,Zentralstadion,Leipzig,Germany,T-03,Argentina,ARG,T-46,Mexico,MEX,2–1,2,1,1,-1,1,0,0-0,0,0,home team win,1,0,0,2006,3,1,Home Win
811,WC-2006,2006 FIFA Men's World Cup,M-2006-51,England vs Ecuador,round of 16,not applicable,0,1,0,0,2006-06-25,17:00,S-099,Neckarstadion,Stuttgart,Germany,T-28,England,ENG,T-25,Ecuador,ECU,1–0,1,0,1,-1,0,0,0-0,0,0,home team win,1,0,0,2006,1,1,Home Win
812,WC-2006,2006 FIFA Men's World Cup,M-2006-52,Portugal vs Netherlands,round of 16,not applicable,0,1,0,0,2006-06-25,21:00,S-097,Frankenstadion,Nuremberg,Germany,T-58,Portugal,PRT,T-48,Netherlands,NLD,1–0,1,0,1,-1,0,0,0-0,0,0,home team win,1,0,0,2006,1,1,Home Win
813,WC-2006,2006 FIFA Men's World Cup,M-2006-53,Italy vs Australia,round of 16,not applicable,0,1,0,0,2006-06-26,17:00,S-091,Fritz-Walter-Stadion,Kaiserslautern,Germany,T-41,Italy,ITA,T-04,Australia,AUS,1–0,1,0,1,-1,0,0,0-0,0,0,home team win,1,0,0,2006,1,1,Home Win
814,WC-2006,2006 FIFA Men's World Cup,M-2006-54,Switzerland vs Ukraine,round of 16,not applicable,0,1,0,0,2006-06-26,21:00,S-082,RheinEnergieStadion,Cologne,Germany,T-75,Switzerland,CHE,T-81,Ukraine,UKR,0–0,0,0,0,0,1,1,0–3,0,3,away team win,0,1,0,2006,0,0,Away Win
815,WC-2006,2006 FIFA Men's World Cup,M-2006-55,Brazil vs Ghana,round of 16,not applicable,0,1,0,0,2006-06-27,17:00,S-083,Westfalenstadion,Dortmund,Germany,T-09,Brazil,BRA,T-32,Ghana,GHA,3–0,3,0,3,-3,0,0,0-0,0,0,home team win,1,0,0,2006,3,3,Home Win
816,WC-2006,2006 FIFA Men's World Cup,M-2006-56,Spain vs France,round of 16,not applicable,0,1,0,0,2006-06-27,21:00,S-090,Niedersachsenstadion,Hanover,Germany,T-73,Spain,ESP,T-30,France,FRA,1–3,1,3,-2,2,0,0,0-0,0,0,away team win,0,1,0,2006,4,2,Away Win
817,WC-2006,2006 FIFA Men's World Cup,M-2006-57,Germany vs Argentina,quarter-finals,not applicable,0,1,0,0,2006-06-30,17:00,S-080,Olympiastadion,Berlin,Germany,T-31,Germany,DEU,T-03,Argentina,ARG,1–1,1,1,0,0,1,1,4–2,4,2,home team win,1,0,0,2006,2,0,Home Win
818,WC-2006,2006 FIFA Men's World Cup,M-2006-58,Italy vs Ukraine,quarter-finals,not applicable,0,1,0,0,2006-06-30,21:00,S-089,Volksparkstadion,Hamburg,Germany,T-41,Italy,ITA,T-81,Ukraine,UKR,3–0,3,0,3,-3,0,0,0-0,0,0,home team win,1,0,0,2006,3,3,Home Win
819,WC-2006,2006 FIFA Men's World Cup,M-2006-59,England vs Portugal,quarter-finals,not applicable,0,1,0,0,2006-07-01,17:00,S-087,Arena AufShalke,Gelsenkirchen,Germany,T-28,England,ENG,T-58,Portugal,PRT,0–0,0,0,0,0,1,1,1–3,1,3,away team win,0,1,0,2006,0,0,Away Win
820,WC-2006,2006 FIFA Men's World Cup,M-2006-60,Brazil vs France,quarter-finals,not applicable,0,1,0,0,2006-07-01,21:00,S-086,Waldstadion,Frankfurt,Germany,T-09,Brazil,BRA,T-30,France,FRA,0–1,0,1,-1,1,0,0,0-0,0,0,away team win,0,1,0,2006,1,1,Away Win
821,WC-2006,2006 FIFA Men's World Cup,M-2006-61,Germany vs Italy,semi-finals,not applicable,0,1,0,0,2006-07-04,21:00,S-083,Westfalenstadion,Dortmund,Germany,T-31,Germany,DEU,T-41,Italy,ITA,0–2,0,2,-2,2,1,0,0-0,0,0,away team win,0,1,0,2006,2,2,Away Win
822,WC-2006,2006 FIFA Men's World Cup,M-2006-62,Portugal vs France,semi-finals,not applicable,0,1,0,0,2006-07-05,21:00,S-095,Allianz Arena,Munich,Germany,T-58,Portugal,PRT,T-30,France,FRA,0–1,0,1,-1,1,0,0,0-0,0,0,away team win,0,1,0,2006,1,1,Away Win
823,WC-2006,2006 FIFA Men's World Cup,M-2006-63,Germany vs Portugal,third-place match,not applicable,0,1,0,0,2006-07-08,21:00,S-099,Neckarstadion,Stuttgart,Germany,T-31,Germany,DEU,T-58,Portugal,PRT,3–1,3,1,2,-2,0,0,0-0,0,0,home team win,1,0,0,2006,4,2,Home Win
824,WC-2006,2006 FIFA Men's World Cup,M-2006-64,Italy vs France,final,not applicable,0,1,0,0,2006-07-09,20:00,S-080,Olympiastadion,Berlin,Germany,T-41,Italy,ITA,T-30,France,FRA,1–1,1,1,0,0,1,1,5–3,5,3,home team win,1,0,0,2006,2,0,Home Win
857,WC-2010,2010 FIFA Men's World Cup,M-2010-01,South Africa vs Mexico,group stage,Group A,1,0,0,0,2010-06-11,16:00,S-164,Soccer City,Johannesburg,South Africa,T-70,South Africa,ZAF,T-46,Mexico,MEX,1–1,1,1,0,0,0,0,0-0,0,0,draw,0,0,1,2010,2,0,Draw
858,WC-2010,2010 FIFA Men's World Cup,M-2010-02,Uruguay vs France,group stage,Group A,1,0,0,0,2010-06-11,20:30,S-161,Cape Town Stadium,Cape Town,South Africa,T-84,Uruguay,URY,T-30,France,FRA,0–0,0,0,0,0,0,0,0-0,0,0,draw,0,0,1,2010,0,0,Draw
859,WC-2010,2010 FIFA Men's World Cup,M-2010-03,South Korea vs Greece,group stage,Group B,1,0,0,0,2010-06-12,13:30,S-167,Nelson Mandela Bay Stadium,Port Elizabeth,South Africa,T-71,South Korea,KOR,T-33,Greece,GRC,2–0,2,0,2,-2,0,0,0-0,0,0,home team win,1,0,0,2010,2,2,Home Win
860,WC-2010,2010 FIFA Men's World Cup,M-2010-04,Argentina vs Nigeria,group stage,Group B,1,0,0,0,2010-06-12,16:00,S-163,Ellis Park Stadium,Johannesburg,South Africa,T-03,Argentina,ARG,T-50,Nigeria,NGA,1–0,1,0,1,-1,0,0,0-0,0,0,home team win,1,0,0,2010,1,1,Home Win
861,WC-2010,2010 FIFA Men's World Cup,M-2010-05,England vs United States,group stage,Group C,1,0,0,0,2010-06-12,20:30,S-169,Royal Bafokeng Stadium,Rustenburg,South Africa,T-28,England,ENG,T-83,United States,USA,1–1,1,1,0,0,0,0,0-0,0,0,draw,0,0,1,2010,2,0,Draw
862,WC-2010,2010 FIFA Men's World Cup,M-2010-06,Algeria vs Slovenia,group stage,Group C,1,0,0,0,2010-06-13,13:30,S-166,Peter Mokaba Stadium,Polokwane,South Africa,T-01,Algeria,DZA,T-69,Slovenia,SVN,0–1,0,1,-1,1,0,0,0-0,0,0,away team win,0,1,0,2010,1,1,Away Win
863,WC-2010,2010 FIFA Men's World Cup,M-2010-07,Serbia vs Ghana,group stage,Group D,1,0,0,0,2010-06-13,16:00,S-168,Loftus Versfeld Stadium,Pretoria,South Africa,T-66,Serbia,SRB,T-32,Ghana,GHA,0–1,0,1,-1,1,0,0,0-0,0,0,away team win,0,1,0,2010,1,1,Away Win
864,WC-2010,2010 FIFA Men's World Cup,M-2010-08,Germany vs Australia,group stage,Group D,1,0,0,0,2010-06-13,20:30,S-162,Moses Mabhida Stadium,Durban,South Africa,T-31,Germany,DEU,T-04,Australia,AUS,4–0,4,0,4,-4,0,0,0-0,0,0,home team win,1,0,0,2010,4,4,Home Win
865,WC-2010,2010 FIFA Men's World Cup,M-2010-09,Netherlands vs Denmark,group stage,Group E,1,0,0,0,2010-06-14,13:30,S-164,Soccer City,Johannesburg,South Africa,T-48,Netherlands,NLD,T-22,Denmark,DNK,2–0,2,0,2,-2,0,0,0-0,0,0,home team win,1,0,0,2010,2,2,Home Win
866,WC-2010,2010 FIFA Men's World Cup,M-2010-10,Japan vs Cameroon,group stage,Group E,1,0,0,0,2010-06-14,16:00,S-160,Free State Stadium,Bloemfontein,South Africa,T-44,Japan,JPN,T-11,Cameroon,CMR,1–0,1,0,1,-1,0,0,0-0,0,0,home team win,1,0,0,2010,1,1,Home Win
867,WC-2010,2010 FIFA Men's World Cup,M-2010-11,Italy vs Paraguay,group stage,Group F,1,0,0,0,2010-06-14,20:30,S-161,Cape Town Stadium,Cape Town,South Africa,T-41,Italy,ITA,T-55,Paraguay,PRY,1–1,1,1,0,0,0,0,0-0,0,0,draw,0,0,1,2010,2,0,Draw
868,WC-2010,2010 FIFA Men's World Cup,M-2010-12,New Zealand vs Slovakia,group stage,Group F,1,0,0,0,2010-06-15,13:30,S-169,Royal Bafokeng Stadium,Rustenburg,South Africa,T-49,New Zealand,NZL,T-68,Slovakia,SVK,1–1,1,1,0,0,0,0,0-0,0,0,draw,0,0,1,2010,2,0,Draw
869,WC-2010,2010 FIFA Men's World Cup,M-2010-13,Ivory Coast vs Portugal,group stage,Group G,1,0,0,0,2010-06-15,16:00,S-167,Nelson Mandela Bay Stadium,Port Elizabeth,South Africa,T-42,Ivory Coast,CIV,T-58,Portugal,PRT,0–0,0,0,0,0,0,0,0-0,0,0,draw,0,0,1,2010,0,0,Draw
870,WC-2010,2010 FIFA Men's World Cup,M-2010-14,Brazil vs North Korea,group stage,Group G,1,0,0,0,2010-06-15,20:30,S-163,Ellis Park Stadium,Johannesburg,South Africa,T-09,Brazil,BRA,T-51,North Korea,PRK,2–1,2,1,1,-1,0,0,0-0,0,0,home team win,1,0,0,2010,3,1,Home Win
871,WC-2010,2010 FIFA Men's World Cup,M-2010-15,Honduras vs Chile,group stage,Group H,1,0,0,0,2010-06-16,13:30,S-165,Mbombela Stadium,Nelspruit,South Africa,T-35,Honduras,HND,T-13,Chile,CHL,0–1,0,1,-1,1,0,0,0-0,0,0,away team win,0,1,0,2010,1,1,Away Win
872,WC-2010,2010 FIFA Men's World Cup,M-2010-16,Spain vs Switzerland,group stage,Group H,1,0,0,0,2010-06-16,16:00,S-162,Moses Mabhida Stadium,Durban,South Africa,T-73,Spain,ESP,T-75,Switzerland,CHE,0–1,0,1,-1,1,0,0,0-0,0,0,away team win,0,1,0,2010,1,1,Away Win
873,WC-2010,2010 FIFA Men's World Cup,M-2010-17,South Africa vs Uruguay,group stage,Group A,1,0,0,0,2010-06-16,20:30,S-168,Loftus Versfeld Stadium,Pretoria,South Africa,T-70,South Africa,ZAF,T-84,Uruguay,URY,0–3,0,3,-3,3,0,0,0-0,0,0,away team win,0,1,0,2010,3,3,Away Win
874,WC-2010,2010 FIFA Men's World Cup,M-2010-18,Argentina vs South Korea,group stage,Group B,1,0,0,0,2010-06-17,13:30,S-164,Soccer City,Johannesburg,South Africa,T-03,Argentina,ARG,T-71,South Korea,KOR,4–1,4,1,3,-3,0,0,0-0,0,0,home team win,1,0,0,2010,5,3,Home Win
875,WC-2010,2010 FIFA Men's World Cup,M-2010-19,Greece vs Nigeria,group stage,Group B,1,0,0,0,2010-06-17,16:00,S-160,Free State Stadium,Bloemfontein,South Africa,T-33,Greece,GRC,T-50,Nigeria,NGA,2–1,2,1,1,-1,0,0,0-0,0,0,home team win,1,0,0,2010,3,1,Home Win
876,WC-2010,2010 FIFA Men's World Cup,M-2010-20,France vs Mexico,group stage,Group A,1,0,0,0,2010-06-17,20:30,S-166,Peter Mokaba Stadium,Polokwane,South Africa,T-30,France,FRA,T-46,Mexico,MEX,0–2,0,2,-2,2,0,0,0-0,0,0,away team win,0,1,0,2010,2,2,Away Win
877,WC-2010,2010 FIFA Men's World Cup,M-2010-21,Germany vs Serbia,group stage,Group D,1,0,0,0,2010-06-18,13:30,S-167,Nelson Mandela Bay Stadium,Port Elizabeth,South Africa,T-31,Germany,DEU,T-66,Serbia,SRB,0–1,0,1,-1,1,0,0,0-0,0,0,away team win,0,1,0,2010,1,1,Away Win
878,WC-2010,2010 FIFA Men's World Cup,M-2010-22,Slovenia vs United States,group stage,Group C,1,0,0,0,2010-06-18,16:00,S-163,Ellis Park Stadium,Johannesburg,South Africa,T-69,Slovenia,SVN,T-83,United States,USA,2–2,2,2,0,0,0,0,0-0,0,0,draw,0,0,1,2010,4,0,Draw
879,WC-2010,2010 FIFA Men's World Cup,M-2010-23,England vs Algeria,group stage,Group C,1,0,0,0,2010-06-18,20:30,S-161,Cape Town Stadium,Cape Town,South Africa,T-28,England,ENG,T-01,Algeria,DZA,0–0,0,0,0,0,0,0,0-0,0,0,draw,0,0,1,2010,0,0,Draw
880,WC-2010,2010 FIFA Men's World Cup,M-2010-24,Netherlands vs Japan,group stage,Group E,1,0,0,0,2010-06-19,13:30,S-162,Moses Mabhida Stadium,Durban,South Africa,T-48,Netherlands,NLD,T-44,Japan,JPN,1–0,1,0,1,-1,0,0,0-0,0,0,home team win,1,0,0,2010,1,1,Home Win
881,WC-2010,2010 FIFA Men's World Cup,M-2010-25,Ghana vs Australia,group stage,Group D,1,0,0,0,2010-06-19,16:00,S-169,Royal Bafokeng Stadium,Rustenburg,South Africa,T-32,Ghana,GHA,T-04,Australia,AUS,1–1,1,1,0,0,0,0,0-0,0,0,draw,0,0,1,2010,2,0,Draw
882,WC-2010,2010 FIFA Men's World Cup,M-2010-26,Cameroon vs Denmark,group stage,Group E,1,0,0,0,2010-06-19,20:30,S-168,Loftus Versfeld Stadium,Pretoria,South Africa,T-11,Cameroon,CMR,T-22,Denmark,DNK,1–2,1,2,-1,1,0,0,0-0,0,0,away team win,0,1,0,2010,3,1,Away Win
883,WC-2010,2010 FIFA Men's World Cup,M-2010-27,Slovakia vs Paraguay,group stage,Group F,1,0,0,0,2010-06-20,13:30,S-160,Free State Stadium,Bloemfontein,South Africa,T-68,Slovakia,SVK,T-55,Paraguay,PRY,0–2,0,2,-2,2,0,0,0-0,0,0,away team win,0,1,0,2010,2,2,Away Win
884,WC-2010,2010 FIFA Men's World Cup,M-2010-28,Italy vs New Zealand,group stage,Group F,1,0,0,0,2010-06-20,16:00,S-165,Mbombela Stadium,Nelspruit,South Africa,T-41,Italy,ITA,T-49,New Zealand,NZL,1–1,1,1,0,0,0,0,0-0,0,0,draw,0,0,1,2010,2,0,Draw
885,WC-2010,2010 FIFA Men's World Cup,M-2010-29,Brazil vs Ivory Coast,group stage,Group G,1,0,0,0,2010-06-20,20:30,S-164,Soccer City,Johannesburg,South Africa,T-09,Brazil,BRA,T-42,Ivory Coast,CIV,3–1,3,1,2,-2,0,0,0-0,0,0,home team win,1,0,0,2010,4,2,Home Win
886,WC-2010,2010 FIFA Men's World Cup,M-2010-30,Portugal vs North Korea,group stage,Group G,1,0,0,0,2010-06-21,13:30,S-161,Cape Town Stadium,Cape Town,South Africa,T-58,Portugal,PRT,T-51,North Korea,PRK,7–0,7,0,7,-7,0,0,0-0,0,0,home team win,1,0,0,2010,7,7,Home Win
887,WC-2010,2010 FIFA Men's World Cup,M-2010-31,Chile vs Switzerland,group stage,Group H,1,0,0,0,2010-06-21,16:00,S-167,Nelson Mandela Bay Stadium,Port Elizabeth,South Africa,T-13,Chile,CHL,T-75,Switzerland,CHE,1–0,1,0,1,-1,0,0,0-0,0,0,home team win,1,0,0,2010,1,1,Home Win
888,WC-2010,2010 FIFA Men's World Cup,M-2010-32,Spain vs Honduras,group stage,Group H,1,0,0,0,2010-06-21,20:30,S-163,Ellis Park Stadium,Johannesburg,South Africa,T-73,Spain,ESP,T-35,Honduras,HND,2–0,2,0,2,-2,0,0,0-0,0,0,home team win,1,0,0,2010,2,2,Home Win
889,WC-2010,2010 FIFA Men's World Cup,M-2010-33,France vs South Africa,group stage,Group A,1,0,0,0,2010-06-22,16:00,S-160,Free State Stadium,Bloemfontein,South Africa,T-30,France,FRA,T-70,South Africa,ZAF,1–2,1,2,-1,1,0,0,0-0,0,0,away team win,0,1,0,2010,3,1,Away Win
890,WC-2010,2010 FIFA Men's World Cup,M-2010-34,Mexico vs Uruguay,group stage,Group A,1,0,0,0,2010-06-22,16:00,S-169,Royal Bafokeng Stadium,Rustenburg,South Africa,T-46,Mexico,MEX,T-84,Uruguay,URY,0–1,0,1,-1,1,0,0,0-0,0,0,away team win,0,1,0,2010,1,1,Away Win
891,WC-2010,2010 FIFA Men's World Cup,M-2010-35,Greece vs Argentina,group stage,Group B,1,0,0,0,2010-06-22,20:30,S-166,Peter Mokaba Stadium,Polokwane,South Africa,T-33,Greece,GRC,T-03,Argentina,ARG,0–2,0,2,-2,2,0,0,0-0,0,0,away team win,0,1,0,2010,2,2,Away Win
892,WC-2010,2010 FIFA Men's World Cup,M-2010-36,Nigeria vs South Korea,group stage,Group B,1,0,0,0,2010-06-22,20:30,S-162,Moses Mabhida Stadium,Durban,South Africa,T-50,Nigeria,NGA,T-71,South Korea,KOR,2–2,2,2,0,0,0,0,0-0,0,0,draw,0,0,1,2010,4,0,Draw
893,WC-2010,2010 FIFA Men's World Cup,M-2010-37,Slovenia vs England,group stage,Group C,1,0,0,0,2010-06-23,16:00,S-167,Nelson Mandela Bay Stadium,Port Elizabeth,South Africa,T-69,Slovenia,SVN,T-28,England,ENG,0–1,0,1,-1,1,0,0,0-0,0,0,away team win,0,1,0,2010,1,1,Away Win
894,WC-2010,2010 FIFA Men's World Cup,M-2010-38,United States vs Algeria,group stage,Group C,1,0,0,0,2010-06-23,16:00,S-168,Loftus Versfeld Stadium,Pretoria,South Africa,T-83,United States,USA,T-01,Algeria,DZA,1–0,1,0,1,-1,0,0,0-0,0,0,home team win,1,0,0,2010,1,1,Home Win
895,WC-2010,2010 FIFA Men's World Cup,M-2010-39,Australia vs Serbia,group stage,Group D,1,0,0,0,2010-06-23,20:30,S-165,Mbombela Stadium,Nelspruit,South Africa,T-04,Australia,AUS,T-66,Serbia,SRB,2–1,2,1,1,-1,0,0,0-0,0,0,home team win,1,0,0,2010,3,1,Home Win
896,WC-2010,2010 FIFA Men's World Cup,M-2010-40,Ghana vs Germany,group stage,Group D,1,0,0,0,2010-06-23,20:30,S-164,Soccer City,Johannesburg,South Africa,T-32,Ghana,GHA,T-31,Germany,DEU,0–1,0,1,-1,1,0,0,0-0,0,0,away team win,0,1,0,2010,1,1,Away Win
897,WC-2010,2010 FIFA Men's World Cup,M-2010-41,Paraguay vs New Zealand,group stage,Group F,1,0,0,0,2010-06-24,16:00,S-166,Peter Mokaba Stadium,Polokwane,South Africa,T-55,Paraguay,PRY,T-49,New Zealand,NZL,0–0,0,0,0,0,0,0,0-0,0,0,draw,0,0,1,2010,0,0,Draw
898,WC-2010,2010 FIFA Men's World Cup,M-2010-42,Slovakia vs Italy,group stage,Group F,1,0,0,0,2010-06-24,16:00,S-163,Ellis Park Stadium,Johannesburg,South Africa,T-68,Slovakia,SVK,T-41,Italy,ITA,3–2,3,2,1,-1,0,0,0-0,0,0,home team win,1,0,0,2010,5,1,Home Win
899,WC-2010,2010 FIFA Men's World Cup,M-2010-43,Cameroon vs Netherlands,group stage,Group E,1,0,0,0,2010-06-24,20:30,S-161,Cape Town Stadium,Cape Town,South Africa,T-11,Cameroon,CMR,T-48,Netherlands,NLD,1–2,1,2,-1,1,0,0,0-0,0,0,away team win,0,1,0,2010,3,1,Away Win
900,WC-2010,2010 FIFA Men's World Cup,M-2010-44,Denmark vs Japan,group stage,Group E,1,0,0,0,2010-06-24,20:30,S-169,Royal Bafokeng Stadium,Rustenburg,South Africa,T-22,Denmark,DNK,T-44,Japan,JPN,1–3,1,3,-2,2,0,0,0-0,0,0,away team win,0,1,0,2010,4,2,Away Win
901,WC-2010,2010 FIFA Men's World Cup,M-2010-45,North Korea vs Ivory Coast,group stage,Group G,1,0,0,0,2010-06-25,16:00,S-165,Mbombela Stadium,Nelspruit,South Africa,T-51,North Korea,PRK,T-42,Ivory Coast,CIV,0–3,0,3,-3,3,0,0,0-0,0,0,away team win,0,1,0,2010,3,3,Away Win
902,WC-2010,2010 FIFA Men's World Cup,M-2010-46,Portugal vs Brazil,group stage,Group G,1,0,0,0,2010-06-25,16:00,S-162,Moses Mabhida Stadium,Durban,South Africa,T-58,Portugal,PRT,T-09,Brazil,BRA,0–0,0,0,0,0,0,0,0-0,0,0,draw,0,0,1,2010,0,0,Draw
903,WC-2010,2010 FIFA Men's World Cup,M-2010-47,Chile vs Spain,group stage,Group H,1,0,0,0,2010-06-25,20:30,S-168,Loftus Versfeld Stadium,Pretoria,South Africa,T-13,Chile,CHL,T-73,Spain,ESP,1–2,1,2,-1,1,0,0,0-0,0,0,away team win,0,1,0,2010,3,1,Away Win
904,WC-2010,2010 FIFA Men's World Cup,M-2010-48,Switzerland vs Honduras,group stage,Group H,1,0,0,0,2010-06-25,20:30,S-160,Free State Stadium,Bloemfontein,South Africa,T-75,Switzerland,CHE,T-35,Honduras,HND,0–0,0,0,0,0,0,0,0-0,0,0,draw,0,0,1,2010,0,0,Draw
905,WC-2010,2010 FIFA Men's World Cup,M-2010-49,Uruguay vs South Korea,round of 16,not applicable,0,1,0,0,2010-06-26,16:00,S-167,Nelson Mandela Bay Stadium,Port Elizabeth,South Africa,T-84,Uruguay,URY,T-71,South Korea,KOR,2–1,2,1,1,-1,0,0,0-0,0,0,home team win,1,0,0,2010,3,1,Home Win
906,WC-2010,2010 FIFA Men's World Cup,M-2010-50,United States vs Ghana,round of 16,not applicable,0,1,0,0,2010-06-26,20:30,S-169,Royal Bafokeng Stadium,Rustenburg,South Africa,T-83,United States,USA,T-32,Ghana,GHA,1–2,1,2,-1,1,1,0,0-0,0,0,away team win,0,1,0,2010,3,1,Away Win
907,WC-2010,2010 FIFA Men's World Cup,M-2010-51,Germany vs England,round of 16,not applicable,0,1,0,0,2010-06-27,16:00,S-160,Free State Stadium,Bloemfontein,South Africa,T-31,Germany,DEU,T-28,England,ENG,4–1,4,1,3,-3,0,0,0-0,0,0,home team win,1,0,0,2010,5,3,Home Win
908,WC-2010,2010 FIFA Men's World Cup,M-2010-52,Argentina vs Mexico,round of 16,not applicable,0,1,0,0,2010-06-27,20:30,S-164,Soccer City,Johannesburg,South Africa,T-03,Argentina,ARG,T-46,Mexico,MEX,3–1,3,1,2,-2,0,0,0-0,0,0,home team win,1,0,0,2010,4,2,Home Win
909,WC-2010,2010 FIFA Men's World Cup,M-2010-53,Netherlands vs Slovakia,round of 16,not applicable,0,1,0,0,2010-06-28,16:00,S-162,Moses Mabhida Stadium,Durban,South Africa,T-48,Netherlands,NLD,T-68,Slovakia,SVK,2–1,2,1,1,-1,0,0,0-0,0,0,home team win,1,0,0,2010,3,1,Home Win
910,WC-2010,2010 FIFA Men's World Cup,M-2010-54,Brazil vs Chile,round of 16,not applicable,0,1,0,0,2010-06-28,20:30,S-163,Ellis Park Stadium,Johannesburg,South Africa,T-09,Brazil,BRA,T-13,Chile,CHL,3–0,3,0,3,-3,0,0,0-0,0,0,home team win,1,0,0,2010,3,3,Home Win
911,WC-2010,2010 FIFA Men's World Cup,M-2010-55,Paraguay vs Japan,round of 16,not applicable,0,1,0,0,2010-06-29,16:00,S-168,Loftus Versfeld Stadium,Pretoria,South Africa,T-55,Paraguay,PRY,T-44,Japan,JPN,0–0,0,0,0,0,1,1,5–3,5,3,home team win,1,0,0,2010,0,0,Home Win
912,WC-2010,2010 FIFA Men's World Cup,M-2010-56,Spain vs Portugal,round of 16,not applicable,0,1,0,0,2010-06-29,20:30,S-161,Cape Town Stadium,Cape Town,South Africa,T-73,Spain,ESP,T-58,Portugal,PRT,1–0,1,0,1,-1,0,0,0-0,0,0,home team win,1,0,0,2010,1,1,Home Win
913,WC-2010,2010 FIFA Men's World Cup,M-2010-57,Netherlands vs Brazil,quarter-finals,not applicable,0,1,0,0,2010-07-02,16:00,S-167,Nelson Mandela Bay Stadium,Port Elizabeth,South Africa,T-48,Netherlands,NLD,T-09,Brazil,BRA,2–1,2,1,1,-1,0,0,0-0,0,0,home team win,1,0,0,2010,3,1,Home Win
914,WC-2010,2010 FIFA Men's World Cup,M-2010-58,Uruguay vs Ghana,quarter-finals,not applicable,0,1,0,0,2010-07-02,20:30,S-164,Soccer City,Johannesburg,South Africa,T-84,Uruguay,URY,T-32,Ghana,GHA,1–1,1,1,0,0,1,1,4–2,4,2,home team win,1,0,0,2010,2,0,Home Win
915,WC-2010,2010 FIFA Men's World Cup,M-2010-59,Argentina vs Germany,quarter-finals,not applicable,0,1,0,0,2010-07-03,16:00,S-161,Cape Town Stadium,Cape Town,South Africa,T-03,Argentina,ARG,T-31,Germany,DEU,0–4,0,4,-4,4,0,0,0-0,0,0,away team win,0,1,0,2010,4,4,Away Win
916,WC-2010,2010 FIFA Men's World Cup,M-2010-60,Paraguay vs Spain,quarter-finals,not applicable,0,1,0,0,2010-07-03,20:30,S-163,Ellis Park Stadium,Johannesburg,South Africa,T-55,Paraguay,PRY,T-73,Spain,ESP,0–1,0,1,-1,1,0,0,0-0,0,0,away team win,0,1,0,2010,1,1,Away Win
917,WC-2010,2010 FIFA Men's World Cup,M-2010-61,Uruguay vs Netherlands,semi-finals,not applicable,0,1,0,0,2010-07-06,20:30,S-161,Cape Town Stadium,Cape Town,South Africa,T-84,Uruguay,URY,T-48,Netherlands,NLD,2–3,2,3,-1,1,0,0,0-0,0,0,away team win,0,1,0,2010,5,1,Away Win
918,WC-2010,2010 FIFA Men's World Cup,M-2010-62,Germany vs Spain,semi-finals,not applicable,0,1,0,0,2010-07-07,20:30,S-162,Moses Mabhida Stadium,Durban,South Africa,T-31,Germany,DEU,T-73,Spain,ESP,0–1,0,1,-1,1,0,0,0-0,0,0,away team win,0,1,0,2010,1,1,Away Win
919,WC-2010,2010 FIFA Men's World Cup,M-2010-63,Uruguay vs Germany,third-place match,not applicable,0,1,0,0,2010-07-10,20:30,S-167,Nelson Mandela Bay Stadium,Port Elizabeth,South Africa,T-84,Uruguay,URY,T-31,Germany,DEU,2–3,2,3,-1,1,0,0,0-0,0,0,away team win,0,1,0,2010,5,1,Away Win
920,WC-2010,2010 FIFA Men's World Cup,M-2010-64,Netherlands vs Spain,final,not applicable,0,1,0,0,2010-07-11,20:30,S-164,Soccer City,Johannesburg,South Africa,T-48,Netherlands,NLD,T-73,Spain,ESP,0–1,0,1,-1,1,1,0,0-0,0,0,away team win,0,1,0,2010,1,1,Away Win
953,WC-2014,2014 FIFA Men's World Cup,M-2014-01,Brazil vs Croatia,group stage,Group A,1,0,0,0,2014-06-12,17:00,S-022,Arena Corinthians,São Paulo,Brazil,T-09,Brazil,BRA,T-18,Croatia,HRV,3–1,3,1,2,-2,0,0,0-0,0,0,home team win,1,0,0,2014,4,2,Home Win
954,WC-2014,2014 FIFA Men's World Cup,M-2014-02,Mexico vs Cameroon,group stage,Group A,1,0,0,0,2014-06-13,13:00,S-015,Arena das Dunas,Natal,Brazil,T-46,Mexico,MEX,T-11,Cameroon,CMR,1–0,1,0,1,-1,0,0,0-0,0,0,home team win,1,0,0,2014,1,1,Home Win
955,WC-2014,2014 FIFA Men's World Cup,M-2014-03,Spain vs Netherlands,group stage,Group B,1,0,0,0,2014-06-13,16:00,S-021,Arena Fonte Nova,Salvador,Brazil,T-73,Spain,ESP,T-48,Netherlands,NLD,1–5,1,5,-4,4,0,0,0-0,0,0,away team win,0,1,0,2014,6,4,Away Win
956,WC-2014,2014 FIFA Men's World Cup,M-2014-04,Chile vs Australia,group stage,Group B,1,0,0,0,2014-06-13,18:00,S-010,Arena Pantanal,Cuiabá,Brazil,T-13,Chile,CHL,T-04,Australia,AUS,3–1,3,1,2,-2,0,0,0-0,0,0,home team win,1,0,0,2014,4,2,Home Win
957,WC-2014,2014 FIFA Men's World Cup,M-2014-05,Colombia vs Greece,group stage,Group C,1,0,0,0,2014-06-14,13:00,S-008,Estádio Mineirão,Belo Horizonte,Brazil,T-16,Colombia,COL,T-33,Greece,GRC,3–0,3,0,3,-3,0,0,0-0,0,0,home team win,1,0,0,2014,3,3,Home Win
958,WC-2014,2014 FIFA Men's World Cup,M-2014-06,Uruguay vs Costa Rica,group stage,Group D,1,0,0,0,2014-06-14,16:00,S-013,Estádio Castelão,Fortaleza,Brazil,T-84,Uruguay,URY,T-17,Costa Rica,CRI,1–3,1,3,-2,2,0,0,0-0,0,0,away team win,0,1,0,2014,4,2,Away Win
959,WC-2014,2014 FIFA Men's World Cup,M-2014-07,England vs Italy,group stage,Group D,1,0,0,0,2014-06-14,18:00,S-014,Arena da Amazônia,Manaus,Brazil,T-28,England,ENG,T-41,Italy,ITA,1–2,1,2,-1,1,0,0,0-0,0,0,away team win,0,1,0,2014,3,1,Away Win
960,WC-2014,2014 FIFA Men's World Cup,M-2014-08,Ivory Coast vs Japan,group stage,Group C,1,0,0,0,2014-06-14,22:00,S-018,Arena Pernambuco,Recife,Brazil,T-42,Ivory Coast,CIV,T-44,Japan,JPN,2–1,2,1,1,-1,0,0,0-0,0,0,home team win,1,0,0,2014,3,1,Home Win
961,WC-2014,2014 FIFA Men's World Cup,M-2014-09,Switzerland vs Ecuador,group stage,Group E,1,0,0,0,2014-06-15,13:00,S-009,Estádio Nacional,Brasília,Brazil,T-75,Switzerland,CHE,T-25,Ecuador,ECU,2–1,2,1,1,-1,0,0,0-0,0,0,home team win,1,0,0,2014,3,1,Home Win
962,WC-2014,2014 FIFA Men's World Cup,M-2014-10,France vs Honduras,group stage,Group E,1,0,0,0,2014-06-15,16:00,S-016,Estádio Beira-Rio,Porto Alegre,Brazil,T-30,France,FRA,T-35,Honduras,HND,3–0,3,0,3,-3,0,0,0-0,0,0,home team win,1,0,0,2014,3,3,Home Win
963,WC-2014,2014 FIFA Men's World Cup,M-2014-11,Argentina vs Bosnia and Herzegovina,group stage,Group F,1,0,0,0,2014-06-15,19:00,S-020,Estádio do Maracanã,Rio de Janeiro,Brazil,T-03,Argentina,ARG,T-08,Bosnia and Herzegovina,BIH,2–1,2,1,1,-1,0,0,0-0,0,0,home team win,1,0,0,2014,3,1,Home Win
964,WC-2014,2014 FIFA Men's World Cup,M-2014-12,Germany vs Portugal,group stage,Group G,1,0,0,0,2014-06-16,13:00,S-021,Arena Fonte Nova,Salvador,Brazil,T-31,Germany,DEU,T-58,Portugal,PRT,4–0,4,0,4,-4,0,0,0-0,0,0,home team win,1,0,0,2014,4,4,Home Win
965,WC-2014,2014 FIFA Men's World Cup,M-2014-13,Iran vs Nigeria,group stage,Group F,1,0,0,0,2014-06-16,16:00,S-011,Arena da Baixada,Curitiba,Brazil,T-38,Iran,IRN,T-50,Nigeria,NGA,0–0,0,0,0,0,0,0,0-0,0,0,draw,0,0,1,2014,0,0,Draw
966,WC-2014,2014 FIFA Men's World Cup,M-2014-14,Ghana vs United States,group stage,Group G,1,0,0,0,2014-06-16,19:00,S-015,Arena das Dunas,Natal,Brazil,T-32,Ghana,GHA,T-83,United States,USA,1–2,1,2,-1,1,0,0,0-0,0,0,away team win,0,1,0,2014,3,1,Away Win
967,WC-2014,2014 FIFA Men's World Cup,M-2014-15,Belgium vs Algeria,group stage,Group H,1,0,0,0,2014-06-17,13:00,S-008,Estádio Mineirão,Belo Horizonte,Brazil,T-06,Belgium,BEL,T-01,Algeria,DZA,2–1,2,1,1,-1,0,0,0-0,0,0,home team win,1,0,0,2014,3,1,Home Win
968,WC-2014,2014 FIFA Men's World Cup,M-2014-16,Brazil vs Mexico,group stage,Group A,1,0,0,0,2014-06-17,16:00,S-013,Estádio Castelão,Fortaleza,Brazil,T-09,Brazil,BRA,T-46,Mexico,MEX,0–0,0,0,0,0,0,0,0-0,0,0,draw,0,0,1,2014,0,0,Draw
969,WC-2014,2014 FIFA Men's World Cup,M-2014-17,Russia vs South Korea,group stage,Group H,1,0,0,0,2014-06-17,18:00,S-010,Arena Pantanal,Cuiabá,Brazil,T-62,Russia,RUS,T-71,South Korea,KOR,1–1,1,1,0,0,0,0,0-0,0,0,draw,0,0,1,2014,2,0,Draw
970,WC-2014,2014 FIFA Men's World Cup,M-2014-18,Australia vs Netherlands,group stage,Group B,1,0,0,0,2014-06-18,13:00,S-016,Estádio Beira-Rio,Porto Alegre,Brazil,T-04,Australia,AUS,T-48,Netherlands,NLD,2–3,2,3,-1,1,0,0,0-0,0,0,away team win,0,1,0,2014,5,1,Away Win
971,WC-2014,2014 FIFA Men's World Cup,M-2014-19,Spain vs Chile,group stage,Group B,1,0,0,0,2014-06-18,16:00,S-020,Estádio do Maracanã,Rio de Janeiro,Brazil,T-73,Spain,ESP,T-13,Chile,CHL,0–2,0,2,-2,2,0,0,0-0,0,0,away team win,0,1,0,2014,2,2,Away Win
972,WC-2014,2014 FIFA Men's World Cup,M-2014-20,Cameroon vs Croatia,group stage,Group A,1,0,0,0,2014-06-18,18:00,S-014,Arena da Amazônia,Manaus,Brazil,T-11,Cameroon,CMR,T-18,Croatia,HRV,0–4,0,4,-4,4,0,0,0-0,0,0,away team win,0,1,0,2014,4,4,Away Win
973,WC-2014,2014 FIFA Men's World Cup,M-2014-21,Colombia vs Ivory Coast,group stage,Group C,1,0,0,0,2014-06-19,13:00,S-009,Estádio Nacional,Brasília,Brazil,T-16,Colombia,COL,T-42,Ivory Coast,CIV,2–1,2,1,1,-1,0,0,0-0,0,0,home team win,1,0,0,2014,3,1,Home Win
974,WC-2014,2014 FIFA Men's World Cup,M-2014-22,Uruguay vs England,group stage,Group D,1,0,0,0,2014-06-19,16:00,S-022,Arena Corinthians,São Paulo,Brazil,T-84,Uruguay,URY,T-28,England,ENG,2–1,2,1,1,-1,0,0,0-0,0,0,home team win,1,0,0,2014,3,1,Home Win
975,WC-2014,2014 FIFA Men's World Cup,M-2014-23,Japan vs Greece,group stage,Group C,1,0,0,0,2014-06-19,19:00,S-015,Arena das Dunas,Natal,Brazil,T-44,Japan,JPN,T-33,Greece,GRC,0–0,0,0,0,0,0,0,0-0,0,0,draw,0,0,1,2014,0,0,Draw
976,WC-2014,2014 FIFA Men's World Cup,M-2014-24,Italy vs Costa Rica,group stage,Group D,1,0,0,0,2014-06-20,13:00,S-018,Arena Pernambuco,Recife,Brazil,T-41,Italy,ITA,T-17,Costa Rica,CRI,0–1,0,1,-1,1,0,0,0-0,0,0,away team win,0,1,0,2014,1,1,Away Win
977,WC-2014,2014 FIFA Men's World Cup,M-2014-25,Switzerland vs France,group stage,Group E,1,0,0,0,2014-06-20,16:00,S-021,Arena Fonte Nova,Salvador,Brazil,T-75,Switzerland,CHE,T-30,France,FRA,2–5,2,5,-3,3,0,0,0-0,0,0,away team win,0,1,0,2014,7,3,Away Win
978,WC-2014,2014 FIFA Men's World Cup,M-2014-26,Honduras vs Ecuador,group stage,Group E,1,0,0,0,2014-06-20,19:00,S-011,Arena da Baixada,Curitiba,Brazil,T-35,Honduras,HND,T-25,Ecuador,ECU,1–2,1,2,-1,1,0,0,0-0,0,0,away team win,0,1,0,2014,3,1,Away Win
979,WC-2014,2014 FIFA Men's World Cup,M-2014-27,Argentina vs Iran,group stage,Group F,1,0,0,0,2014-06-21,13:00,S-008,Estádio Mineirão,Belo Horizonte,Brazil,T-03,Argentina,ARG,T-38,Iran,IRN,1–0,1,0,1,-1,0,0,0-0,0,0,home team win,1,0,0,2014,1,1,Home Win
980,WC-2014,2014 FIFA Men's World Cup,M-2014-28,Germany vs Ghana,group stage,Group G,1,0,0,0,2014-06-21,16:00,S-013,Estádio Castelão,Fortaleza,Brazil,T-31,Germany,DEU,T-32,Ghana,GHA,2–2,2,2,0,0,0,0,0-0,0,0,draw,0,0,1,2014,4,0,Draw
981,WC-2014,2014 FIFA Men's World Cup,M-2014-29,Nigeria vs Bosnia and Herzegovina,group stage,Group F,1,0,0,0,2014-06-21,18:00,S-010,Arena Pantanal,Cuiabá,Brazil,T-50,Nigeria,NGA,T-08,Bosnia and Herzegovina,BIH,1–0,1,0,1,-1,0,0,0-0,0,0,home team win,1,0,0,2014,1,1,Home Win
982,WC-2014,2014 FIFA Men's World Cup,M-2014-30,Belgium vs Russia,group stage,Group H,1,0,0,0,2014-06-22,13:00,S-020,Estádio do Maracanã,Rio de Janeiro,Brazil,T-06,Belgium,BEL,T-62,Russia,RUS,1–0,1,0,1,-1,0,0,0-0,0,0,home team win,1,0,0,2014,1,1,Home Win
983,WC-2014,2014 FIFA Men's World Cup,M-2014-31,South Korea vs Algeria,group stage,Group H,1,0,0,0,2014-06-22,16:00,S-016,Estádio Beira-Rio,Porto Alegre,Brazil,T-71,South Korea,KOR,T-01,Algeria,DZA,2–4,2,4,-2,2,0,0,0-0,0,0,away team win,0,1,0,2014,6,2,Away Win
984,WC-2014,2014 FIFA Men's World Cup,M-2014-32,United States vs Portugal,group stage,Group G,1,0,0,0,2014-06-22,18:00,S-014,Arena da Amazônia,Manaus,Brazil,T-83,United States,USA,T-58,Portugal,PRT,2–2,2,2,0,0,0,0,0-0,0,0,draw,0,0,1,2014,4,0,Draw
985,WC-2014,2014 FIFA Men's World Cup,M-2014-33,Australia vs Spain,group stage,Group B,1,0,0,0,2014-06-23,13:00,S-011,Arena da Baixada,Curitiba,Brazil,T-04,Australia,AUS,T-73,Spain,ESP,0–3,0,3,-3,3,0,0,0-0,0,0,away team win,0,1,0,2014,3,3,Away Win
986,WC-2014,2014 FIFA Men's World Cup,M-2014-34,Netherlands vs Chile,group stage,Group B,1,0,0,0,2014-06-23,13:00,S-022,Arena Corinthians,São Paulo,Brazil,T-48,Netherlands,NLD,T-13,Chile,CHL,2–0,2,0,2,-2,0,0,0-0,0,0,home team win,1,0,0,2014,2,2,Home Win
987,WC-2014,2014 FIFA Men's World Cup,M-2014-35,Cameroon vs Brazil,group stage,Group A,1,0,0,0,2014-06-23,17:00,S-009,Estádio Nacional,Brasília,Brazil,T-11,Cameroon,CMR,T-09,Brazil,BRA,1–4,1,4,-3,3,0,0,0-0,0,0,away team win,0,1,0,2014,5,3,Away Win
988,WC-2014,2014 FIFA Men's World Cup,M-2014-36,Croatia vs Mexico,group stage,Group A,1,0,0,0,2014-06-23,17:00,S-018,Arena Pernambuco,Recife,Brazil,T-18,Croatia,HRV,T-46,Mexico,MEX,1–3,1,3,-2,2,0,0,0-0,0,0,away team win,0,1,0,2014,4,2,Away Win
989,WC-2014,2014 FIFA Men's World Cup,M-2014-37,Costa Rica vs England,group stage,Group D,1,0,0,0,2014-06-24,13:00,S-008,Estádio Mineirão,Belo Horizonte,Brazil,T-17,Costa Rica,CRI,T-28,England,ENG,0–0,0,0,0,0,0,0,0-0,0,0,draw,0,0,1,2014,0,0,Draw
990,WC-2014,2014 FIFA Men's World Cup,M-2014-38,Italy vs Uruguay,group stage,Group D,1,0,0,0,2014-06-24,13:00,S-015,Arena das Dunas,Natal,Brazil,T-41,Italy,ITA,T-84,Uruguay,URY,0–1,0,1,-1,1,0,0,0-0,0,0,away team win,0,1,0,2014,1,1,Away Win
991,WC-2014,2014 FIFA Men's World Cup,M-2014-39,Japan vs Colombia,group stage,Group C,1,0,0,0,2014-06-24,16:00,S-010,Arena Pantanal,Cuiabá,Brazil,T-44,Japan,JPN,T-16,Colombia,COL,1–4,1,4,-3,3,0,0,0-0,0,0,away team win,0,1,0,2014,5,3,Away Win
992,WC-2014,2014 FIFA Men's World Cup,M-2014-40,Greece vs Ivory Coast,group stage,Group C,1,0,0,0,2014-06-24,17:00,S-013,Estádio Castelão,Fortaleza,Brazil,T-33,Greece,GRC,T-42,Ivory Coast,CIV,2–1,2,1,1,-1,0,0,0-0,0,0,home team win,1,0,0,2014,3,1,Home Win
993,WC-2014,2014 FIFA Men's World Cup,M-2014-41,Bosnia and Herzegovina vs Iran,group stage,Group F,1,0,0,0,2014-06-25,13:00,S-021,Arena Fonte Nova,Salvador,Brazil,T-08,Bosnia and Herzegovina,BIH,T-38,Iran,IRN,3–1,3,1,2,-2,0,0,0-0,0,0,home team win,1,0,0,2014,4,2,Home Win
994,WC-2014,2014 FIFA Men's World Cup,M-2014-42,Nigeria vs Argentina,group stage,Group F,1,0,0,0,2014-06-25,13:00,S-016,Estádio Beira-Rio,Porto Alegre,Brazil,T-50,Nigeria,NGA,T-03,Argentina,ARG,2–3,2,3,-1,1,0,0,0-0,0,0,away team win,0,1,0,2014,5,1,Away Win
995,WC-2014,2014 FIFA Men's World Cup,M-2014-43,Honduras vs Switzerland,group stage,Group E,1,0,0,0,2014-06-25,16:00,S-014,Arena da Amazônia,Manaus,Brazil,T-35,Honduras,HND,T-75,Switzerland,CHE,0–3,0,3,-3,3,0,0,0-0,0,0,away team win,0,1,0,2014,3,3,Away Win
996,WC-2014,2014 FIFA Men's World Cup,M-2014-44,Ecuador vs France,group stage,Group E,1,0,0,0,2014-06-25,17:00,S-020,Estádio do Maracanã,Rio de Janeiro,Brazil,T-25,Ecuador,ECU,T-30,France,FRA,0–0,0,0,0,0,0,0,0-0,0,0,draw,0,0,1,2014,0,0,Draw
997,WC-2014,2014 FIFA Men's World Cup,M-2014-45,Portugal vs Ghana,group stage,Group G,1,0,0,0,2014-06-26,13:00,S-009,Estádio Nacional,Brasília,Brazil,T-58,Portugal,PRT,T-32,Ghana,GHA,2–1,2,1,1,-1,0,0,0-0,0,0,home team win,1,0,0,2014,3,1,Home Win
998,WC-2014,2014 FIFA Men's World Cup,M-2014-46,United States vs Germany,group stage,Group G,1,0,0,0,2014-06-26,13:00,S-018,Arena Pernambuco,Recife,Brazil,T-83,United States,USA,T-31,Germany,DEU,0–1,0,1,-1,1,0,0,0-0,0,0,away team win,0,1,0,2014,1,1,Away Win
999,WC-2014,2014 FIFA Men's World Cup,M-2014-47,Algeria vs Russia,group stage,Group H,1,0,0,0,2014-06-26,17:00,S-011,Arena da Baixada,Curitiba,Brazil,T-01,Algeria,DZA,T-62,Russia,RUS,1–1,1,1,0,0,0,0,0-0,0,0,draw,0,0,1,2014,2,0,Draw
1000,WC-2014,2014 FIFA Men's World Cup,M-2014-48,South Korea vs Belgium,group stage,Group H,1,0,0,0,2014-06-26,17:00,S-022,Arena Corinthians,São Paulo,Brazil,T-71,South Korea,KOR,T-06,Belgium,BEL,0–1,0,1,-1,1,0,0,0-0,0,0,away team win,0,1,0,2014,1,1,Away Win
1001,WC-2014,2014 FIFA Men's World Cup,M-2014-49,Brazil vs Chile,round of 16,not applicable,0,1,0,0,2014-06-28,13:00,S-008,Estádio Mineirão,Belo Horizonte,Brazil,T-09,Brazil,BRA,T-13,Chile,CHL,1–1,1,1,0,0,1,1,3–2,3,2,home team win,1,0,0,2014,2,0,Home Win
1002,WC-2014,2014 FIFA Men's World Cup,M-2014-50,Colombia vs Uruguay,round of 16,not applicable,0,1,0,0,2014-06-28,17:00,S-020,Estádio do Maracanã,Rio de Janeiro,Brazil,T-16,Colombia,COL,T-84,Uruguay,URY,2–0,2,0,2,-2,0,0,0-0,0,0,home team win,1,0,0,2014,2,2,Home Win
1003,WC-2014,2014 FIFA Men's World Cup,M-2014-51,Netherlands vs Mexico,round of 16,not applicable,0,1,0,0,2014-06-29,13:00,S-013,Estádio Castelão,Fortaleza,Brazil,T-48,Netherlands,NLD,T-46,Mexico,MEX,2–1,2,1,1,-1,0,0,0-0,0,0,home team win,1,0,0,2014,3,1,Home Win
1004,WC-2014,2014 FIFA Men's World Cup,M-2014-52,Costa Rica vs Greece,round of 16,not applicable,0,1,0,0,2014-06-29,17:00,S-018,Arena Pernambuco,Recife,Brazil,T-17,Costa Rica,CRI,T-33,Greece,GRC,1–1,1,1,0,0,1,1,5–3,5,3,home team win,1,0,0,2014,2,0,Home Win
1005,WC-2014,2014 FIFA Men's World Cup,M-2014-53,France vs Nigeria,round of 16,not applicable,0,1,0,0,2014-06-30,13:00,S-009,Estádio Nacional,Brasília,Brazil,T-30,France,FRA,T-50,Nigeria,NGA,2–0,2,0,2,-2,0,0,0-0,0,0,home team win,1,0,0,2014,2,2,Home Win
1006,WC-2014,2014 FIFA Men's World Cup,M-2014-54,Germany vs Algeria,round of 16,not applicable,0,1,0,0,2014-06-30,17:00,S-016,Estádio Beira-Rio,Porto Alegre,Brazil,T-31,Germany,DEU,T-01,Algeria,DZA,2–1,2,1,1,-1,1,0,0-0,0,0,home team win,1,0,0,2014,3,1,Home Win
1007,WC-2014,2014 FIFA Men's World Cup,M-2014-55,Argentina vs Switzerland,round of 16,not applicable,0,1,0,0,2014-07-01,13:00,S-022,Arena Corinthians,São Paulo,Brazil,T-03,Argentina,ARG,T-75,Switzerland,CHE,1–0,1,0,1,-1,1,0,0-0,0,0,home team win,1,0,0,2014,1,1,Home Win
1008,WC-2014,2014 FIFA Men's World Cup,M-2014-56,Belgium vs United States,round of 16,not applicable,0,1,0,0,2014-07-01,17:00,S-021,Arena Fonte Nova,Salvador,Brazil,T-06,Belgium,BEL,T-83,United States,USA,2–1,2,1,1,-1,1,0,0-0,0,0,home team win,1,0,0,2014,3,1,Home Win
1009,WC-2014,2014 FIFA Men's World Cup,M-2014-57,France vs Germany,quarter-finals,not applicable,0,1,0,0,2014-07-04,13:00,S-020,Estádio do Maracanã,Rio de Janeiro,Brazil,T-30,France,FRA,T-31,Germany,DEU,0–1,0,1,-1,1,0,0,0-0,0,0,away team win,0,1,0,2014,1,1,Away Win
1010,WC-2014,2014 FIFA Men's World Cup,M-2014-58,Brazil vs Colombia,quarter-finals,not applicable,0,1,0,0,2014-07-04,17:00,S-013,Estádio Castelão,Fortaleza,Brazil,T-09,Brazil,BRA,T-16,Colombia,COL,2–1,2,1,1,-1,0,0,0-0,0,0,home team win,1,0,0,2014,3,1,Home Win
1011,WC-2014,2014 FIFA Men's World Cup,M-2014-59,Argentina vs Belgium,quarter-finals,not applicable,0,1,0,0,2014-07-05,13:00,S-009,Estádio Nacional,Brasília,Brazil,T-03,Argentina,ARG,T-06,Belgium,BEL,1–0,1,0,1,-1,0,0,0-0,0,0,home team win,1,0,0,2014,1,1,Home Win
1012,WC-2014,2014 FIFA Men's World Cup,M-2014-60,Netherlands vs Costa Rica,quarter-finals,not applicable,0,1,0,0,2014-07-05,17:00,S-021,Arena Fonte Nova,Salvador,Brazil,T-48,Netherlands,NLD,T-17,Costa Rica,CRI,0–0,0,0,0,0,1,1,4–3,4,3,home team win,1,0,0,2014,0,0,Home Win
1013,WC-2014,2014 FIFA Men's World Cup,M-2014-61,Brazil vs Germany,semi-finals,not applicable,0,1,0,0,2014-07-08,17:00,S-008,Estádio Mineirão,Belo Horizonte,Brazil,T-09,Brazil,BRA,T-31,Germany,DEU,1–7,1,7,-6,6,0,0,0-0,0,0,away team win,0,1,0,2014,8,6,Away Win
1014,WC-2014,2014 FIFA Men's World Cup,M-2014-62,Netherlands vs Argentina,semi-finals,not applicable,0,1,0,0,2014-07-09,17:00,S-022,Arena Corinthians,São Paulo,Brazil,T-48,Netherlands,NLD,T-03,Argentina,ARG,0–0,0,0,0,0,1,1,2–4,2,4,away team win,0,1,0,2014,0,0,Away Win
1015,WC-2014,2014 FIFA Men's World Cup,M-2014-63,Brazil vs Netherlands,third-place match,not applicable,0,1,0,0,2014-07-12,17:00,S-009,Estádio Nacional,Brasília,Brazil,T-09,Brazil,BRA,T-48,Netherlands,NLD,0–3,0,3,-3,3,0,0,0-0,0,0,away team win,0,1,0,2014,3,3,Away Win
1016,WC-2014,2014 FIFA Men's World Cup,M-2014-64,Germany vs Argentina,final,not applicable,0,1,0,0,2014-07-13,16:00,S-020,Estádio do Maracanã,Rio de Janeiro,Brazil,T-31,Germany,DEU,T-03,Argentina,ARG,1–0,1,0,1,-1,1,0,0-0,0,0,home team win,1,0,0,2014,1,1,Home Win
1069,WC-2018,2018 FIFA Men's World Cup,M-2018-01,Russia vs Saudi Arabia,group stage,Group A,1,0,0,0,2018-06-14,18:00,S-150,Luzhniki Stadium,Moscow,Russia,T-62,Russia,RUS,T-63,Saudi Arabia,SAU,5–0,5,0,5,-5,0,0,0-0,0,0,home team win,1,0,0,2018,5,5,Home Win
1070,WC-2018,2018 FIFA Men's World Cup,M-2018-02,Egypt vs Uruguay,group stage,Group A,1,0,0,0,2018-06-15,17:00,S-159,Central Stadium,Yekaterinburg,Russia,T-26,Egypt,EGY,T-84,Uruguay,URY,0–1,0,1,-1,1,0,0,0-0,0,0,away team win,0,1,0,2018,1,1,Away Win
1071,WC-2018,2018 FIFA Men's World Cup,M-2018-03,Morocco vs Iran,group stage,Group B,1,0,0,0,2018-06-15,18:00,S-154,Krestovsky Stadium,Saint Petersburg,Russia,T-47,Morocco,MAR,T-38,Iran,IRN,0–1,0,1,-1,1,0,0,0-0,0,0,away team win,0,1,0,2018,1,1,Away Win
1072,WC-2018,2018 FIFA Men's World Cup,M-2018-04,Portugal vs Spain,group stage,Group B,1,0,0,0,2018-06-15,21:00,S-157,Fisht Olympic Stadium,Sochi,Russia,T-58,Portugal,PRT,T-73,Spain,ESP,3–3,3,3,0,0,0,0,0-0,0,0,draw,0,0,1,2018,6,0,Draw
1073,WC-2018,2018 FIFA Men's World Cup,M-2018-05,France vs Australia,group stage,Group C,1,0,0,0,2018-06-16,13:00,S-149,Kazan Arena,Kazan,Russia,T-30,France,FRA,T-04,Australia,AUS,2–1,2,1,1,-1,0,0,0-0,0,0,home team win,1,0,0,2018,3,1,Home Win
1074,WC-2018,2018 FIFA Men's World Cup,M-2018-06,Argentina vs Iceland,group stage,Group D,1,0,0,0,2018-06-16,16:00,S-151,Otkritie Arena,Moscow,Russia,T-03,Argentina,ARG,T-37,Iceland,ISL,1–1,1,1,0,0,0,0,0-0,0,0,draw,0,0,1,2018,2,0,Draw
1075,WC-2018,2018 FIFA Men's World Cup,M-2018-07,Peru vs Denmark,group stage,Group C,1,0,0,0,2018-06-16,19:00,S-156,Mordovia Arena,Saransk,Russia,T-56,Peru,PER,T-22,Denmark,DNK,0–1,0,1,-1,1,0,0,0-0,0,0,away team win,0,1,0,2018,1,1,Away Win
1076,WC-2018,2018 FIFA Men's World Cup,M-2018-08,Croatia vs Nigeria,group stage,Group D,1,0,0,0,2018-06-16,21:00,S-148,Kaliningrad Stadium,Kaliningrad,Russia,T-18,Croatia,HRV,T-50,Nigeria,NGA,2–0,2,0,2,-2,0,0,0-0,0,0,home team win,1,0,0,2018,2,2,Home Win
1077,WC-2018,2018 FIFA Men's World Cup,M-2018-09,Costa Rica vs Serbia,group stage,Group E,1,0,0,0,2018-06-17,16:00,S-155,Samara Arena,Samara,Russia,T-17,Costa Rica,CRI,T-66,Serbia,SRB,0–1,0,1,-1,1,0,0,0-0,0,0,away team win,0,1,0,2018,1,1,Away Win
1078,WC-2018,2018 FIFA Men's World Cup,M-2018-10,Germany vs Mexico,group stage,Group F,1,0,0,0,2018-06-17,18:00,S-150,Luzhniki Stadium,Moscow,Russia,T-31,Germany,DEU,T-46,Mexico,MEX,0–1,0,1,-1,1,0,0,0-0,0,0,away team win,0,1,0,2018,1,1,Away Win
1079,WC-2018,2018 FIFA Men's World Cup,M-2018-11,Brazil vs Switzerland,group stage,Group E,1,0,0,0,2018-06-17,21:00,S-153,Rostov Arena,Rostov-on-Don,Russia,T-09,Brazil,BRA,T-75,Switzerland,CHE,1–1,1,1,0,0,0,0,0-0,0,0,draw,0,0,1,2018,2,0,Draw
1080,WC-2018,2018 FIFA Men's World Cup,M-2018-12,Sweden vs South Korea,group stage,Group F,1,0,0,0,2018-06-18,15:00,S-152,Nizhny Novgorod Stadium,Nizhny Novgorod,Russia,T-74,Sweden,SWE,T-71,South Korea,KOR,1–0,1,0,1,-1,0,0,0-0,0,0,home team win,1,0,0,2018,1,1,Home Win
1081,WC-2018,2018 FIFA Men's World Cup,M-2018-13,Belgium vs Panama,group stage,Group G,1,0,0,0,2018-06-18,18:00,S-157,Fisht Olympic Stadium,Sochi,Russia,T-06,Belgium,BEL,T-54,Panama,PAN,3–0,3,0,3,-3,0,0,0-0,0,0,home team win,1,0,0,2018,3,3,Home Win
1082,WC-2018,2018 FIFA Men's World Cup,M-2018-14,Tunisia vs England,group stage,Group G,1,0,0,0,2018-06-18,21:00,S-158,Volgograd Arena,Volgograd,Russia,T-79,Tunisia,TUN,T-28,England,ENG,1–2,1,2,-1,1,0,0,0-0,0,0,away team win,0,1,0,2018,3,1,Away Win
1083,WC-2018,2018 FIFA Men's World Cup,M-2018-15,Colombia vs Japan,group stage,Group H,1,0,0,0,2018-06-19,15:00,S-156,Mordovia Arena,Saransk,Russia,T-16,Colombia,COL,T-44,Japan,JPN,1–2,1,2,-1,1,0,0,0-0,0,0,away team win,0,1,0,2018,3,1,Away Win
1084,WC-2018,2018 FIFA Men's World Cup,M-2018-16,Poland vs Senegal,group stage,Group H,1,0,0,0,2018-06-19,18:00,S-151,Otkritie Arena,Moscow,Russia,T-57,Poland,POL,T-65,Senegal,SEN,1–2,1,2,-1,1,0,0,0-0,0,0,away team win,0,1,0,2018,3,1,Away Win
1085,WC-2018,2018 FIFA Men's World Cup,M-2018-17,Russia vs Egypt,group stage,Group A,1,0,0,0,2018-06-19,21:00,S-154,Krestovsky Stadium,Saint Petersburg,Russia,T-62,Russia,RUS,T-26,Egypt,EGY,3–1,3,1,2,-2,0,0,0-0,0,0,home team win,1,0,0,2018,4,2,Home Win
1086,WC-2018,2018 FIFA Men's World Cup,M-2018-18,Portugal vs Morocco,group stage,Group B,1,0,0,0,2018-06-20,15:00,S-150,Luzhniki Stadium,Moscow,Russia,T-58,Portugal,PRT,T-47,Morocco,MAR,1–0,1,0,1,-1,0,0,0-0,0,0,home team win,1,0,0,2018,1,1,Home Win
1087,WC-2018,2018 FIFA Men's World Cup,M-2018-19,Uruguay vs Saudi Arabia,group stage,Group A,1,0,0,0,2018-06-20,18:00,S-153,Rostov Arena,Rostov-on-Don,Russia,T-84,Uruguay,URY,T-63,Saudi Arabia,SAU,1–0,1,0,1,-1,0,0,0-0,0,0,home team win,1,0,0,2018,1,1,Home Win
1088,WC-2018,2018 FIFA Men's World Cup,M-2018-20,Iran vs Spain,group stage,Group B,1,0,0,0,2018-06-20,21:00,S-149,Kazan Arena,Kazan,Russia,T-38,Iran,IRN,T-73,Spain,ESP,0–1,0,1,-1,1,0,0,0-0,0,0,away team win,0,1,0,2018,1,1,Away Win
1089,WC-2018,2018 FIFA Men's World Cup,M-2018-21,Denmark vs Australia,group stage,Group C,1,0,0,0,2018-06-21,16:00,S-155,Samara Arena,Samara,Russia,T-22,Denmark,DNK,T-04,Australia,AUS,1–1,1,1,0,0,0,0,0-0,0,0,draw,0,0,1,2018,2,0,Draw
1090,WC-2018,2018 FIFA Men's World Cup,M-2018-22,France vs Peru,group stage,Group C,1,0,0,0,2018-06-21,20:00,S-159,Central Stadium,Yekaterinburg,Russia,T-30,France,FRA,T-56,Peru,PER,1–0,1,0,1,-1,0,0,0-0,0,0,home team win,1,0,0,2018,1,1,Home Win
1091,WC-2018,2018 FIFA Men's World Cup,M-2018-23,Argentina vs Croatia,group stage,Group D,1,0,0,0,2018-06-21,21:00,S-152,Nizhny Novgorod Stadium,Nizhny Novgorod,Russia,T-03,Argentina,ARG,T-18,Croatia,HRV,0–3,0,3,-3,3,0,0,0-0,0,0,away team win,0,1,0,2018,3,3,Away Win
1092,WC-2018,2018 FIFA Men's World Cup,M-2018-24,Brazil vs Costa Rica,group stage,Group E,1,0,0,0,2018-06-22,15:00,S-154,Krestovsky Stadium,Saint Petersburg,Russia,T-09,Brazil,BRA,T-17,Costa Rica,CRI,2–0,2,0,2,-2,0,0,0-0,0,0,home team win,1,0,0,2018,2,2,Home Win
1093,WC-2018,2018 FIFA Men's World Cup,M-2018-25,Nigeria vs Iceland,group stage,Group D,1,0,0,0,2018-06-22,18:00,S-158,Volgograd Arena,Volgograd,Russia,T-50,Nigeria,NGA,T-37,Iceland,ISL,2–0,2,0,2,-2,0,0,0-0,0,0,home team win,1,0,0,2018,2,2,Home Win
1094,WC-2018,2018 FIFA Men's World Cup,M-2018-26,Serbia vs Switzerland,group stage,Group E,1,0,0,0,2018-06-22,20:00,S-148,Kaliningrad Stadium,Kaliningrad,Russia,T-66,Serbia,SRB,T-75,Switzerland,CHE,1–2,1,2,-1,1,0,0,0-0,0,0,away team win,0,1,0,2018,3,1,Away Win
1095,WC-2018,2018 FIFA Men's World Cup,M-2018-27,Belgium vs Tunisia,group stage,Group G,1,0,0,0,2018-06-23,15:00,S-151,Otkritie Arena,Moscow,Russia,T-06,Belgium,BEL,T-79,Tunisia,TUN,5–2,5,2,3,-3,0,0,0-0,0,0,home team win,1,0,0,2018,7,3,Home Win
1096,WC-2018,2018 FIFA Men's World Cup,M-2018-28,South Korea vs Mexico,group stage,Group F,1,0,0,0,2018-06-23,18:00,S-153,Rostov Arena,Rostov-on-Don,Russia,T-71,South Korea,KOR,T-46,Mexico,MEX,1–2,1,2,-1,1,0,0,0-0,0,0,away team win,0,1,0,2018,3,1,Away Win
1097,WC-2018,2018 FIFA Men's World Cup,M-2018-29,Germany vs Sweden,group stage,Group F,1,0,0,0,2018-06-23,21:00,S-157,Fisht Olympic Stadium,Sochi,Russia,T-31,Germany,DEU,T-74,Sweden,SWE,2–1,2,1,1,-1,0,0,0-0,0,0,home team win,1,0,0,2018,3,1,Home Win
1098,WC-2018,2018 FIFA Men's World Cup,M-2018-30,England vs Panama,group stage,Group G,1,0,0,0,2018-06-24,15:00,S-152,Nizhny Novgorod Stadium,Nizhny Novgorod,Russia,T-28,England,ENG,T-54,Panama,PAN,6–1,6,1,5,-5,0,0,0-0,0,0,home team win,1,0,0,2018,7,5,Home Win
1099,WC-2018,2018 FIFA Men's World Cup,M-2018-31,Japan vs Senegal,group stage,Group H,1,0,0,0,2018-06-24,20:00,S-159,Central Stadium,Yekaterinburg,Russia,T-44,Japan,JPN,T-65,Senegal,SEN,2–2,2,2,0,0,0,0,0-0,0,0,draw,0,0,1,2018,4,0,Draw
1100,WC-2018,2018 FIFA Men's World Cup,M-2018-32,Poland vs Colombia,group stage,Group H,1,0,0,0,2018-06-24,21:00,S-149,Kazan Arena,Kazan,Russia,T-57,Poland,POL,T-16,Colombia,COL,0–3,0,3,-3,3,0,0,0-0,0,0,away team win,0,1,0,2018,3,3,Away Win
1101,WC-2018,2018 FIFA Men's World Cup,M-2018-33,Saudi Arabia vs Egypt,group stage,Group A,1,0,0,0,2018-06-25,17:00,S-158,Volgograd Arena,Volgograd,Russia,T-63,Saudi Arabia,SAU,T-26,Egypt,EGY,2–1,2,1,1,-1,0,0,0-0,0,0,home team win,1,0,0,2018,3,1,Home Win
1102,WC-2018,2018 FIFA Men's World Cup,M-2018-34,Uruguay vs Russia,group stage,Group A,1,0,0,0,2018-06-25,18:00,S-155,Samara Arena,Samara,Russia,T-84,Uruguay,URY,T-62,Russia,RUS,3–0,3,0,3,-3,0,0,0-0,0,0,home team win,1,0,0,2018,3,3,Home Win
1103,WC-2018,2018 FIFA Men's World Cup,M-2018-35,Spain vs Morocco,group stage,Group B,1,0,0,0,2018-06-25,20:00,S-148,Kaliningrad Stadium,Kaliningrad,Russia,T-73,Spain,ESP,T-47,Morocco,MAR,2–2,2,2,0,0,0,0,0-0,0,0,draw,0,0,1,2018,4,0,Draw
1104,WC-2018,2018 FIFA Men's World Cup,M-2018-36,Iran vs Portugal,group stage,Group B,1,0,0,0,2018-06-25,21:00,S-156,Mordovia Arena,Saransk,Russia,T-38,Iran,IRN,T-58,Portugal,PRT,1–1,1,1,0,0,0,0,0-0,0,0,draw,0,0,1,2018,2,0,Draw
1105,WC-2018,2018 FIFA Men's World Cup,M-2018-37,Australia vs Peru,group stage,Group C,1,0,0,0,2018-06-26,17:00,S-157,Fisht Olympic Stadium,Sochi,Russia,T-04,Australia,AUS,T-56,Peru,PER,0–2,0,2,-2,2,0,0,0-0,0,0,away team win,0,1,0,2018,2,2,Away Win
1106,WC-2018,2018 FIFA Men's World Cup,M-2018-38,Denmark vs France,group stage,Group C,1,0,0,0,2018-06-26,17:00,S-150,Luzhniki Stadium,Moscow,Russia,T-22,Denmark,DNK,T-30,France,FRA,0–0,0,0,0,0,0,0,0-0,0,0,draw,0,0,1,2018,0,0,Draw
1107,WC-2018,2018 FIFA Men's World Cup,M-2018-39,Iceland vs Croatia,group stage,Group D,1,0,0,0,2018-06-26,21:00,S-153,Rostov Arena,Rostov-on-Don,Russia,T-37,Iceland,ISL,T-18,Croatia,HRV,1–2,1,2,-1,1,0,0,0-0,0,0,away team win,0,1,0,2018,3,1,Away Win
1108,WC-2018,2018 FIFA Men's World Cup,M-2018-40,Nigeria vs Argentina,group stage,Group D,1,0,0,0,2018-06-26,21:00,S-154,Krestovsky Stadium,Saint Petersburg,Russia,T-50,Nigeria,NGA,T-03,Argentina,ARG,1–2,1,2,-1,1,0,0,0-0,0,0,away team win,0,1,0,2018,3,1,Away Win
1109,WC-2018,2018 FIFA Men's World Cup,M-2018-41,South Korea vs Germany,group stage,Group F,1,0,0,0,2018-06-27,17:00,S-149,Kazan Arena,Kazan,Russia,T-71,South Korea,KOR,T-31,Germany,DEU,2–0,2,0,2,-2,0,0,0-0,0,0,home team win,1,0,0,2018,2,2,Home Win
1110,WC-2018,2018 FIFA Men's World Cup,M-2018-42,Mexico vs Sweden,group stage,Group F,1,0,0,0,2018-06-27,19:00,S-159,Central Stadium,Yekaterinburg,Russia,T-46,Mexico,MEX,T-74,Sweden,SWE,0–3,0,3,-3,3,0,0,0-0,0,0,away team win,0,1,0,2018,3,3,Away Win
1111,WC-2018,2018 FIFA Men's World Cup,M-2018-43,Serbia vs Brazil,group stage,Group E,1,0,0,0,2018-06-27,21:00,S-151,Otkritie Arena,Moscow,Russia,T-66,Serbia,SRB,T-09,Brazil,BRA,0–2,0,2,-2,2,0,0,0-0,0,0,away team win,0,1,0,2018,2,2,Away Win
1112,WC-2018,2018 FIFA Men's World Cup,M-2018-44,Switzerland vs Costa Rica,group stage,Group E,1,0,0,0,2018-06-27,21:00,S-152,Nizhny Novgorod Stadium,Nizhny Novgorod,Russia,T-75,Switzerland,CHE,T-17,Costa Rica,CRI,2–2,2,2,0,0,0,0,0-0,0,0,draw,0,0,1,2018,4,0,Draw
1113,WC-2018,2018 FIFA Men's World Cup,M-2018-45,Japan vs Poland,group stage,Group H,1,0,0,0,2018-06-28,17:00,S-158,Volgograd Arena,Volgograd,Russia,T-44,Japan,JPN,T-57,Poland,POL,0–1,0,1,-1,1,0,0,0-0,0,0,away team win,0,1,0,2018,1,1,Away Win
1114,WC-2018,2018 FIFA Men's World Cup,M-2018-46,Senegal vs Colombia,group stage,Group H,1,0,0,0,2018-06-28,18:00,S-155,Samara Arena,Samara,Russia,T-65,Senegal,SEN,T-16,Colombia,COL,0–1,0,1,-1,1,0,0,0-0,0,0,away team win,0,1,0,2018,1,1,Away Win
1115,WC-2018,2018 FIFA Men's World Cup,M-2018-47,England vs Belgium,group stage,Group G,1,0,0,0,2018-06-28,20:00,S-148,Kaliningrad Stadium,Kaliningrad,Russia,T-28,England,ENG,T-06,Belgium,BEL,0–1,0,1,-1,1,0,0,0-0,0,0,away team win,0,1,0,2018,1,1,Away Win
1116,WC-2018,2018 FIFA Men's World Cup,M-2018-48,Panama vs Tunisia,group stage,Group G,1,0,0,0,2018-06-28,21:00,S-156,Mordovia Arena,Saransk,Russia,T-54,Panama,PAN,T-79,Tunisia,TUN,1–2,1,2,-1,1,0,0,0-0,0,0,away team win,0,1,0,2018,3,1,Away Win
1117,WC-2018,2018 FIFA Men's World Cup,M-2018-49,France vs Argentina,round of 16,not applicable,0,1,0,0,2018-06-30,17:00,S-149,Kazan Arena,Kazan,Russia,T-30,France,FRA,T-03,Argentina,ARG,4–3,4,3,1,-1,0,0,0-0,0,0,home team win,1,0,0,2018,7,1,Home Win
1118,WC-2018,2018 FIFA Men's World Cup,M-2018-50,Uruguay vs Portugal,round of 16,not applicable,0,1,0,0,2018-06-30,21:00,S-157,Fisht Olympic Stadium,Sochi,Russia,T-84,Uruguay,URY,T-58,Portugal,PRT,2–1,2,1,1,-1,0,0,0-0,0,0,home team win,1,0,0,2018,3,1,Home Win
1119,WC-2018,2018 FIFA Men's World Cup,M-2018-51,Spain vs Russia,round of 16,not applicable,0,1,0,0,2018-07-01,17:00,S-150,Luzhniki Stadium,Moscow,Russia,T-73,Spain,ESP,T-62,Russia,RUS,1–1,1,1,0,0,1,1,3–4,3,4,away team win,0,1,0,2018,2,0,Away Win
1120,WC-2018,2018 FIFA Men's World Cup,M-2018-52,Croatia vs Denmark,round of 16,not applicable,0,1,0,0,2018-07-01,21:00,S-152,Nizhny Novgorod Stadium,Nizhny Novgorod,Russia,T-18,Croatia,HRV,T-22,Denmark,DNK,1–1,1,1,0,0,1,1,3–2,3,2,home team win,1,0,0,2018,2,0,Home Win
1121,WC-2018,2018 FIFA Men's World Cup,M-2018-53,Brazil vs Mexico,round of 16,not applicable,0,1,0,0,2018-07-02,18:00,S-155,Samara Arena,Samara,Russia,T-09,Brazil,BRA,T-46,Mexico,MEX,2–0,2,0,2,-2,0,0,0-0,0,0,home team win,1,0,0,2018,2,2,Home Win
1122,WC-2018,2018 FIFA Men's World Cup,M-2018-54,Belgium vs Japan,round of 16,not applicable,0,1,0,0,2018-07-02,21:00,S-153,Rostov Arena,Rostov-on-Don,Russia,T-06,Belgium,BEL,T-44,Japan,JPN,3–2,3,2,1,-1,0,0,0-0,0,0,home team win,1,0,0,2018,5,1,Home Win
1123,WC-2018,2018 FIFA Men's World Cup,M-2018-55,Sweden vs Switzerland,round of 16,not applicable,0,1,0,0,2018-07-03,17:00,S-154,Krestovsky Stadium,Saint Petersburg,Russia,T-74,Sweden,SWE,T-75,Switzerland,CHE,1–0,1,0,1,-1,0,0,0-0,0,0,home team win,1,0,0,2018,1,1,Home Win
1124,WC-2018,2018 FIFA Men's World Cup,M-2018-56,Colombia vs England,round of 16,not applicable,0,1,0,0,2018-07-03,21:00,S-151,Otkritie Arena,Moscow,Russia,T-16,Colombia,COL,T-28,England,ENG,1–1,1,1,0,0,1,1,3–4,3,4,away team win,0,1,0,2018,2,0,Away Win
1125,WC-2018,2018 FIFA Men's World Cup,M-2018-57,Uruguay vs France,quarter-finals,not applicable,0,1,0,0,2018-07-06,17:00,S-152,Nizhny Novgorod Stadium,Nizhny Novgorod,Russia,T-84,Uruguay,URY,T-30,France,FRA,0–2,0,2,-2,2,0,0,0-0,0,0,away team win,0,1,0,2018,2,2,Away Win
1126,WC-2018,2018 FIFA Men's World Cup,M-2018-58,Brazil vs Belgium,quarter-finals,not applicable,0,1,0,0,2018-07-06,21:00,S-149,Kazan Arena,Kazan,Russia,T-09,Brazil,BRA,T-06,Belgium,BEL,1–2,1,2,-1,1,0,0,0-0,0,0,away team win,0,1,0,2018,3,1,Away Win
1127,WC-2018,2018 FIFA Men's World Cup,M-2018-59,Sweden vs England,quarter-finals,not applicable,0,1,0,0,2018-07-07,18:00,S-155,Samara Arena,Samara,Russia,T-74,Sweden,SWE,T-28,England,ENG,0–2,0,2,-2,2,0,0,0-0,0,0,away team win,0,1,0,2018,2,2,Away Win
1128,WC-2018,2018 FIFA Men's World Cup,M-2018-60,Russia vs Croatia,quarter-finals,not applicable,0,1,0,0,2018-07-07,21:00,S-157,Fisht Olympic Stadium,Sochi,Russia,T-62,Russia,RUS,T-18,Croatia,HRV,2–2,2,2,0,0,1,1,3–4,3,4,away team win,0,1,0,2018,4,0,Away Win
1129,WC-2018,2018 FIFA Men's World Cup,M-2018-61,France vs Belgium,semi-finals,not applicable,0,1,0,0,2018-07-10,21:00,S-154,Krestovsky Stadium,Saint Petersburg,Russia,T-30,France,FRA,T-06,Belgium,BEL,1–0,1,0,1,-1,0,0,0-0,0,0,home team win,1,0,0,2018,1,1,Home Win
1130,WC-2018,2018 FIFA Men's World Cup,M-2018-62,Croatia vs England,semi-finals,not applicable,0,1,0,0,2018-07-11,21:00,S-150,Luzhniki Stadium,Moscow,Russia,T-18,Croatia,HRV,T-28,England,ENG,2–1,2,1,1,-1,1,0,0-0,0,0,home team win,1,0,0,2018,3,1,Home Win
1131,WC-2018,2018 FIFA Men's World Cup,M-2018-63,Belgium vs England,third-place match,not applicable,0,1,0,0,2018-07-14,17:00,S-154,Krestovsky Stadium,Saint Petersburg,Russia,T-06,Belgium,BEL,T-28,England,ENG,2–0,2,0,2,-2,0,0,0-0,0,0,home team win,1,0,0,2018,2,2,Home Win
1132,WC-2018,2018 FIFA Men's World Cup,M-2018-64,France vs Croatia,final,not applicable,0,1,0,0,2018-07-15,18:00,S-150,Luzhniki Stadium,Moscow,Russia,T-30,France,FRA,T-18,Croatia,HRV,4–2,4,2,2,-2,0,0,0-0,0,0,home team win,1,0,0,2018,6,2,Home Win
1185,WC-2022,2022 FIFA Men's World Cup,M-2022-01,Qatar vs Ecuador,group stage,Group A,1,0,0,0,2022-11-20,19:00,S-140,Al Bayt Stadium,Al Khor,Qatar,T-59,Qatar,QAT,T-25,Ecuador,ECU,0–2,0,2,-2,2,0,0,0-0,0,0,away team win,0,1,0,2022,2,2,Away Win
1186,WC-2022,2022 FIFA Men's World Cup,M-2022-02,England vs Iran,group stage,Group B,1,0,0,0,2022-11-21,16:00,S-143,Khalifa International Stadium,Al Rayyan,Qatar,T-28,England,ENG,T-38,Iran,IRN,6–2,6,2,4,-4,0,0,0-0,0,0,home team win,1,0,0,2022,8,4,Home Win
1187,WC-2022,2022 FIFA Men's World Cup,M-2022-03,Senegal vs Netherlands,group stage,Group A,1,0,0,0,2022-11-21,19:00,S-145,Al Thumama Stadium,Doha,Qatar,T-65,Senegal,SEN,T-48,Netherlands,NLD,0–2,0,2,-2,2,0,0,0-0,0,0,away team win,0,1,0,2022,2,2,Away Win
1188,WC-2022,2022 FIFA Men's World Cup,M-2022-04,United States vs Wales,group stage,Group B,1,0,0,0,2022-11-21,22:00,S-141,Ahmad bin Ali Stadium,Al Rayyan,Qatar,T-83,United States,USA,T-85,Wales,WAL,1–1,1,1,0,0,0,0,0-0,0,0,draw,0,0,1,2022,2,0,Draw
1189,WC-2022,2022 FIFA Men's World Cup,M-2022-05,Argentina vs Saudi Arabia,group stage,Group C,1,0,0,0,2022-11-22,13:00,S-147,Lusail Stadium,Lusail,Qatar,T-03,Argentina,ARG,T-63,Saudi Arabia,SAU,1–2,1,2,-1,1,0,0,0-0,0,0,away team win,0,1,0,2022,3,1,Away Win
1190,WC-2022,2022 FIFA Men's World Cup,M-2022-06,Denmark vs Tunisia,group stage,Group D,1,0,0,0,2022-11-22,16:00,S-142,Education City Stadium,Al Rayyan,Qatar,T-22,Denmark,DNK,T-79,Tunisia,TUN,0–0,0,0,0,0,0,0,0-0,0,0,draw,0,0,1,2022,0,0,Draw
1191,WC-2022,2022 FIFA Men's World Cup,M-2022-07,Mexico vs Poland,group stage,Group C,1,0,0,0,2022-11-22,19:00,S-146,Stadium 974,Doha,Qatar,T-46,Mexico,MEX,T-57,Poland,POL,0–0,0,0,0,0,0,0,0-0,0,0,draw,0,0,1,2022,0,0,Draw
1192,WC-2022,2022 FIFA Men's World Cup,M-2022-08,France vs Australia,group stage,Group D,1,0,0,0,2022-11-22,22:00,S-144,Al Janoub Stadium,Al Wakrah,Qatar,T-30,France,FRA,T-04,Australia,AUS,4–1,4,1,3,-3,0,0,0-0,0,0,home team win,1,0,0,2022,5,3,Home Win
1193,WC-2022,2022 FIFA Men's World Cup,M-2022-09,Morocco vs Croatia,group stage,Group F,1,0,0,0,2022-11-23,13:00,S-140,Al Bayt Stadium,Al Khor,Qatar,T-47,Morocco,MAR,T-18,Croatia,HRV,0–0,0,0,0,0,0,0,0-0,0,0,draw,0,0,1,2022,0,0,Draw
1194,WC-2022,2022 FIFA Men's World Cup,M-2022-10,Germany vs Japan,group stage,Group E,1,0,0,0,2022-11-23,16:00,S-143,Khalifa International Stadium,Al Rayyan,Qatar,T-31,Germany,DEU,T-44,Japan,JPN,1–2,1,2,-1,1,0,0,0-0,0,0,away team win,0,1,0,2022,3,1,Away Win
1195,WC-2022,2022 FIFA Men's World Cup,M-2022-11,Spain vs Costa Rica,group stage,Group E,1,0,0,0,2022-11-23,19:00,S-145,Al Thumama Stadium,Doha,Qatar,T-73,Spain,ESP,T-17,Costa Rica,CRI,7–0,7,0,7,-7,0,0,0-0,0,0,home team win,1,0,0,2022,7,7,Home Win
1196,WC-2022,2022 FIFA Men's World Cup,M-2022-12,Belgium vs Canada,group stage,Group F,1,0,0,0,2022-11-23,22:00,S-141,Ahmad bin Ali Stadium,Al Rayyan,Qatar,T-06,Belgium,BEL,T-12,Canada,CAN,1–0,1,0,1,-1,0,0,0-0,0,0,home team win,1,0,0,2022,1,1,Home Win
1197,WC-2022,2022 FIFA Men's World Cup,M-2022-13,Switzerland vs Cameroon,group stage,Group G,1,0,0,0,2022-11-24,13:00,S-144,Al Janoub Stadium,Al Wakrah,Qatar,T-75,Switzerland,CHE,T-11,Cameroon,CMR,1–0,1,0,1,-1,0,0,0-0,0,0,home team win,1,0,0,2022,1,1,Home Win
1198,WC-2022,2022 FIFA Men's World Cup,M-2022-14,Uruguay vs South Korea,group stage,Group H,1,0,0,0,2022-11-24,16:00,S-142,Education City Stadium,Al Rayyan,Qatar,T-84,Uruguay,URY,T-71,South Korea,KOR,0–0,0,0,0,0,0,0,0-0,0,0,draw,0,0,1,2022,0,0,Draw
1199,WC-2022,2022 FIFA Men's World Cup,M-2022-15,Portugal vs Ghana,group stage,Group H,1,0,0,0,2022-11-24,19:00,S-146,Stadium 974,Doha,Qatar,T-58,Portugal,PRT,T-32,Ghana,GHA,3–2,3,2,1,-1,0,0,0-0,0,0,home team win,1,0,0,2022,5,1,Home Win
1200,WC-2022,2022 FIFA Men's World Cup,M-2022-16,Brazil vs Serbia,group stage,Group G,1,0,0,0,2022-11-24,22:00,S-147,Lusail Stadium,Lusail,Qatar,T-09,Brazil,BRA,T-66,Serbia,SRB,2–0,2,0,2,-2,0,0,0-0,0,0,home team win,1,0,0,2022,2,2,Home Win
1201,WC-2022,2022 FIFA Men's World Cup,M-2022-17,Wales vs Iran,group stage,Group B,1,0,0,0,2022-11-25,13:00,S-141,Ahmad bin Ali Stadium,Al Rayyan,Qatar,T-85,Wales,WAL,T-38,Iran,IRN,0–2,0,2,-2,2,0,0,0-0,0,0,away team win,0,1,0,2022,2,2,Away Win
1202,WC-2022,2022 FIFA Men's World Cup,M-2022-18,Qatar vs Senegal,group stage,Group A,1,0,0,0,2022-11-25,16:00,S-145,Al Thumama Stadium,Doha,Qatar,T-59,Qatar,QAT,T-65,Senegal,SEN,1–3,1,3,-2,2,0,0,0-0,0,0,away team win,0,1,0,2022,4,2,Away Win
1203,WC-2022,2022 FIFA Men's World Cup,M-2022-19,Netherlands vs Ecuador,group stage,Group A,1,0,0,0,2022-11-25,19:00,S-143,Khalifa International Stadium,Al Rayyan,Qatar,T-48,Netherlands,NLD,T-25,Ecuador,ECU,1–1,1,1,0,0,0,0,0-0,0,0,draw,0,0,1,2022,2,0,Draw
1204,WC-2022,2022 FIFA Men's World Cup,M-2022-20,England vs United States,group stage,Group B,1,0,0,0,2022-11-25,22:00,S-140,Al Bayt Stadium,Al Khor,Qatar,T-28,England,ENG,T-83,United States,USA,0–0,0,0,0,0,0,0,0-0,0,0,draw,0,0,1,2022,0,0,Draw
1205,WC-2022,2022 FIFA Men's World Cup,M-2022-21,Tunisia vs Australia,group stage,Group D,1,0,0,0,2022-11-26,13:00,S-144,Al Janoub Stadium,Al Wakrah,Qatar,T-79,Tunisia,TUN,T-04,Australia,AUS,0–1,0,1,-1,1,0,0,0-0,0,0,away team win,0,1,0,2022,1,1,Away Win
1206,WC-2022,2022 FIFA Men's World Cup,M-2022-22,Poland vs Saudi Arabia,group stage,Group C,1,0,0,0,2022-11-26,16:00,S-142,Education City Stadium,Al Rayyan,Qatar,T-57,Poland,POL,T-63,Saudi Arabia,SAU,2–0,2,0,2,-2,0,0,0-0,0,0,home team win,1,0,0,2022,2,2,Home Win
1207,WC-2022,2022 FIFA Men's World Cup,M-2022-23,France vs Denmark,group stage,Group D,1,0,0,0,2022-11-26,19:00,S-146,Stadium 974,Doha,Qatar,T-30,France,FRA,T-22,Denmark,DNK,2–1,2,1,1,-1,0,0,0-0,0,0,home team win,1,0,0,2022,3,1,Home Win
1208,WC-2022,2022 FIFA Men's World Cup,M-2022-24,Argentina vs Mexico,group stage,Group C,1,0,0,0,2022-11-26,22:00,S-147,Lusail Stadium,Lusail,Qatar,T-03,Argentina,ARG,T-46,Mexico,MEX,2–0,2,0,2,-2,0,0,0-0,0,0,home team win,1,0,0,2022,2,2,Home Win
1209,WC-2022,2022 FIFA Men's World Cup,M-2022-25,Japan vs Costa Rica,group stage,Group E,1,0,0,0,2022-11-27,13:00,S-141,Ahmad bin Ali Stadium,Al Rayyan,Qatar,T-44,Japan,JPN,T-17,Costa Rica,CRI,0–1,0,1,-1,1,0,0,0-0,0,0,away team win,0,1,0,2022,1,1,Away Win
1210,WC-2022,2022 FIFA Men's World Cup,M-2022-26,Belgium vs Morocco,group stage,Group F,1,0,0,0,2022-11-27,16:00,S-145,Al Thumama Stadium,Doha,Qatar,T-06,Belgium,BEL,T-47,Morocco,MAR,0–2,0,2,-2,2,0,0,0-0,0,0,away team win,0,1,0,2022,2,2,Away Win
1211,WC-2022,2022 FIFA Men's World Cup,M-2022-27,Croatia vs Canada,group stage,Group F,1,0,0,0,2022-11-27,19:00,S-143,Khalifa International Stadium,Al Rayyan,Qatar,T-18,Croatia,HRV,T-12,Canada,CAN,4–1,4,1,3,-3,0,0,0-0,0,0,home team win,1,0,0,2022,5,3,Home Win
1212,WC-2022,2022 FIFA Men's World Cup,M-2022-28,Spain vs Germany,group stage,Group E,1,0,0,0,2022-11-27,22:00,S-140,Al Bayt Stadium,Al Khor,Qatar,T-73,Spain,ESP,T-31,Germany,DEU,1–1,1,1,0,0,0,0,0-0,0,0,draw,0,0,1,2022,2,0,Draw
1213,WC-2022,2022 FIFA Men's World Cup,M-2022-29,Cameroon vs Serbia,group stage,Group G,1,0,0,0,2022-11-28,13:00,S-144,Al Janoub Stadium,Al Wakrah,Qatar,T-11,Cameroon,CMR,T-66,Serbia,SRB,3–3,3,3,0,0,0,0,0-0,0,0,draw,0,0,1,2022,6,0,Draw
1214,WC-2022,2022 FIFA Men's World Cup,M-2022-30,South Korea vs Ghana,group stage,Group H,1,0,0,0,2022-11-28,16:00,S-142,Education City Stadium,Al Rayyan,Qatar,T-71,South Korea,KOR,T-32,Ghana,GHA,2–3,2,3,-1,1,0,0,0-0,0,0,away team win,0,1,0,2022,5,1,Away Win
1215,WC-2022,2022 FIFA Men's World Cup,M-2022-31,Brazil vs Switzerland,group stage,Group G,1,0,0,0,2022-11-28,19:00,S-146,Stadium 974,Doha,Qatar,T-09,Brazil,BRA,T-75,Switzerland,CHE,1–0,1,0,1,-1,0,0,0-0,0,0,home team win,1,0,0,2022,1,1,Home Win
1216,WC-2022,2022 FIFA Men's World Cup,M-2022-32,Portugal vs Uruguay,group stage,Group H,1,0,0,0,2022-11-28,22:00,S-147,Lusail Stadium,Lusail,Qatar,T-58,Portugal,PRT,T-84,Uruguay,URY,2–0,2,0,2,-2,0,0,0-0,0,0,home team win,1,0,0,2022,2,2,Home Win
1217,WC-2022,2022 FIFA Men's World Cup,M-2022-33,Ecuador vs Senegal,group stage,Group A,1,0,0,0,2022-11-29,18:00,S-143,Khalifa International Stadium,Al Rayyan,Qatar,T-25,Ecuador,ECU,T-65,Senegal,SEN,1–2,1,2,-1,1,0,0,0-0,0,0,away team win,0,1,0,2022,3,1,Away Win
1218,WC-2022,2022 FIFA Men's World Cup,M-2022-34,Netherlands vs Qatar,group stage,Group A,1,0,0,0,2022-11-29,18:00,S-140,Al Bayt Stadium,Al Khor,Qatar,T-48,Netherlands,NLD,T-59,Qatar,QAT,2–0,2,0,2,-2,0,0,0-0,0,0,home team win,1,0,0,2022,2,2,Home Win
1219,WC-2022,2022 FIFA Men's World Cup,M-2022-35,Iran vs United States,group stage,Group B,1,0,0,0,2022-11-29,22:00,S-145,Al Thumama Stadium,Doha,Qatar,T-38,Iran,IRN,T-83,United States,USA,0–1,0,1,-1,1,0,0,0-0,0,0,away team win,0,1,0,2022,1,1,Away Win
1220,WC-2022,2022 FIFA Men's World Cup,M-2022-36,Wales vs England,group stage,Group B,1,0,0,0,2022-11-29,22:00,S-141,Ahmad bin Ali Stadium,Al Rayyan,Qatar,T-85,Wales,WAL,T-28,England,ENG,0–3,0,3,-3,3,0,0,0-0,0,0,away team win,0,1,0,2022,3,3,Away Win
1221,WC-2022,2022 FIFA Men's World Cup,M-2022-37,Australia vs Denmark,group stage,Group D,1,0,0,0,2022-11-30,18:00,S-144,Al Janoub Stadium,Al Wakrah,Qatar,T-04,Australia,AUS,T-22,Denmark,DNK,1–0,1,0,1,-1,0,0,0-0,0,0,home team win,1,0,0,2022,1,1,Home Win
1222,WC-2022,2022 FIFA Men's World Cup,M-2022-38,Tunisia vs France,group stage,Group D,1,0,0,0,2022-11-30,18:00,S-142,Education City Stadium,Al Rayyan,Qatar,T-79,Tunisia,TUN,T-30,France,FRA,1–0,1,0,1,-1,0,0,0-0,0,0,home team win,1,0,0,2022,1,1,Home Win
1223,WC-2022,2022 FIFA Men's World Cup,M-2022-39,Poland vs Argentina,group stage,Group C,1,0,0,0,2022-11-30,22:00,S-146,Stadium 974,Doha,Qatar,T-57,Poland,POL,T-03,Argentina,ARG,0–2,0,2,-2,2,0,0,0-0,0,0,away team win,0,1,0,2022,2,2,Away Win
1224,WC-2022,2022 FIFA Men's World Cup,M-2022-40,Saudi Arabia vs Mexico,group stage,Group C,1,0,0,0,2022-11-30,22:00,S-147,Lusail Stadium,Lusail,Qatar,T-63,Saudi Arabia,SAU,T-46,Mexico,MEX,1–2,1,2,-1,1,0,0,0-0,0,0,away team win,0,1,0,2022,3,1,Away Win
1225,WC-2022,2022 FIFA Men's World Cup,M-2022-41,Canada vs Morocco,group stage,Group F,1,0,0,0,2022-12-01,18:00,S-145,Al Thumama Stadium,Doha,Qatar,T-12,Canada,CAN,T-47,Morocco,MAR,1–2,1,2,-1,1,0,0,0-0,0,0,away team win,0,1,0,2022,3,1,Away Win
1226,WC-2022,2022 FIFA Men's World Cup,M-2022-42,Croatia vs Belgium,group stage,Group F,1,0,0,0,2022-12-01,18:00,S-141,Ahmad bin Ali Stadium,Al Rayyan,Qatar,T-18,Croatia,HRV,T-06,Belgium,BEL,0–0,0,0,0,0,0,0,0-0,0,0,draw,0,0,1,2022,0,0,Draw
1227,WC-2022,2022 FIFA Men's World Cup,M-2022-43,Costa Rica vs Germany,group stage,Group E,1,0,0,0,2022-12-01,22:00,S-140,Al Bayt Stadium,Al Khor,Qatar,T-17,Costa Rica,CRI,T-31,Germany,DEU,2–4,2,4,-2,2,0,0,0-0,0,0,away team win,0,1,0,2022,6,2,Away Win
1228,WC-2022,2022 FIFA Men's World Cup,M-2022-44,Japan vs Spain,group stage,Group E,1,0,0,0,2022-12-01,22:00,S-143,Khalifa International Stadium,Al Rayyan,Qatar,T-44,Japan,JPN,T-73,Spain,ESP,2–1,2,1,1,-1,0,0,0-0,0,0,home team win,1,0,0,2022,3,1,Home Win
1229,WC-2022,2022 FIFA Men's World Cup,M-2022-45,Ghana vs Uruguay,group stage,Group H,1,0,0,0,2022-12-02,18:00,S-144,Al Janoub Stadium,Al Wakrah,Qatar,T-32,Ghana,GHA,T-84,Uruguay,URY,0–2,0,2,-2,2,0,0,0-0,0,0,away team win,0,1,0,2022,2,2,Away Win
1230,WC-2022,2022 FIFA Men's World Cup,M-2022-46,South Korea vs Portugal,group stage,Group H,1,0,0,0,2022-12-02,18:00,S-142,Education City Stadium,Al Rayyan,Qatar,T-71,South Korea,KOR,T-58,Portugal,PRT,2–1,2,1,1,-1,0,0,0-0,0,0,home team win,1,0,0,2022,3,1,Home Win
1231,WC-2022,2022 FIFA Men's World Cup,M-2022-47,Cameroon vs Brazil,group stage,Group G,1,0,0,0,2022-12-02,22:00,S-147,Lusail Stadium,Lusail,Qatar,T-11,Cameroon,CMR,T-09,Brazil,BRA,1–0,1,0,1,-1,0,0,0-0,0,0,home team win,1,0,0,2022,1,1,Home Win
1232,WC-2022,2022 FIFA Men's World Cup,M-2022-48,Serbia vs Switzerland,group stage,Group G,1,0,0,0,2022-12-02,22:00,S-146,Stadium 974,Doha,Qatar,T-66,Serbia,SRB,T-75,Switzerland,CHE,2–3,2,3,-1,1,0,0,0-0,0,0,away team win,0,1,0,2022,5,1,Away Win
1233,WC-2022,2022 FIFA Men's World Cup,M-2022-49,Netherlands vs United States,round of 16,not applicable,0,1,0,0,2022-12-03,18:00,S-143,Khalifa International Stadium,Al Rayyan,Qatar,T-48,Netherlands,NLD,T-83,United States,USA,3–1,3,1,2,-2,0,0,0-0,0,0,home team win,1,0,0,2022,4,2,Home Win
1234,WC-2022,2022 FIFA Men's World Cup,M-2022-50,Argentina vs Australia,round of 16,not applicable,0,1,0,0,2022-12-03,22:00,S-141,Ahmad bin Ali Stadium,Al Rayyan,Qatar,T-03,Argentina,ARG,T-04,Australia,AUS,2–1,2,1,1,-1,0,0,0-0,0,0,home team win,1,0,0,2022,3,1,Home Win
1235,WC-2022,2022 FIFA Men's World Cup,M-2022-51,France vs Poland,round of 16,not applicable,0,1,0,0,2022-12-04,18:00,S-145,Al Thumama Stadium,Doha,Qatar,T-30,France,FRA,T-57,Poland,POL,3–1,3,1,2,-2,0,0,0-0,0,0,home team win,1,0,0,2022,4,2,Home Win
1236,WC-2022,2022 FIFA Men's World Cup,M-2022-52,England vs Senegal,round of 16,not applicable,0,1,0,0,2022-12-04,22:00,S-140,Al Bayt Stadium,Al Khor,Qatar,T-28,England,ENG,T-65,Senegal,SEN,3–0,3,0,3,-3,0,0,0-0,0,0,home team win,1,0,0,2022,3,3,Home Win
1237,WC-2022,2022 FIFA Men's World Cup,M-2022-53,Japan vs Croatia,round of 16,not applicable,0,1,0,0,2022-12-05,18:00,S-144,Al Janoub Stadium,Al Wakrah,Qatar,T-44,Japan,JPN,T-18,Croatia,HRV,1–1,1,1,0,0,1,1,1–3,1,3,away team win,0,1,0,2022,2,0,Away Win
1238,WC-2022,2022 FIFA Men's World Cup,M-2022-54,Brazil vs South Korea,round of 16,not applicable,0,1,0,0,2022-12-05,22:00,S-146,Stadium 974,Doha,Qatar,T-09,Brazil,BRA,T-71,South Korea,KOR,4–1,4,1,3,-3,0,0,0-0,0,0,home team win,1,0,0,2022,5,3,Home Win
1239,WC-2022,2022 FIFA Men's World Cup,M-2022-55,Morocco vs Spain,round of 16,not applicable,0,1,0,0,2022-12-06,18:00,S-142,Education City Stadium,Al Rayyan,Qatar,T-47,Morocco,MAR,T-73,Spain,ESP,0–0,0,0,0,0,1,1,3–0,3,0,home team win,1,0,0,2022,0,0,Home Win
1240,WC-2022,2022 FIFA Men's World Cup,M-2022-56,Portugal vs Switzerland,round of 16,not applicable,0,1,0,0,2022-12-06,22:00,S-147,Lusail Stadium,Lusail,Qatar,T-58,Portugal,PRT,T-75,Switzerland,CHE,6–1,6,1,5,-5,0,0,0-0,0,0,home team win,1,0,0,2022,7,5,Home Win
1241,WC-2022,2022 FIFA Men's World Cup,M-2022-57,Croatia vs Brazil,quarter-finals,not applicable,0,1,0,0,2022-12-09,18:00,S-142,Education City Stadium,Al Rayyan,Qatar,T-18,Croatia,HRV,T-09,Brazil,BRA,1–1,1,1,0,0,1,1,4–2,4,2,home team win,1,0,0,2022,2,0,Home Win
1242,WC-2022,2022 FIFA Men's World Cup,M-2022-58,Netherlands vs Argentina,quarter-finals,not applicable,0,1,0,0,2022-12-09,22:00,S-147,Lusail Stadium,Lusail,Qatar,T-48,Netherlands,NLD,T-03,Argentina,ARG,2–2,2,2,0,0,1,1,3–4,3,4,away team win,0,1,0,2022,4,0,Away Win
1243,WC-2022,2022 FIFA Men's World Cup,M-2022-59,Morocco vs Portugal,quarter-finals,not applicable,0,1,0,0,2022-12-10,18:00,S-145,Al Thumama Stadium,Doha,Qatar,T-47,Morocco,MAR,T-58,Portugal,PRT,1–0,1,0,1,-1,0,0,0-0,0,0,home team win,1,0,0,2022,1,1,Home Win
1244,WC-2022,2022 FIFA Men's World Cup,M-2022-60,England vs France,quarter-finals,not applicable,0,1,0,0,2022-12-10,22:00,S-140,Al Bayt Stadium,Al Khor,Qatar,T-28,England,ENG,T-30,France,FRA,1–2,1,2,-1,1,0,0,0-0,0,0,away team win,0,1,0,2022,3,1,Away Win
1245,WC-2022,2022 FIFA Men's World Cup,M-2022-61,Argentina vs Croatia,semi-finals,not applicable,0,1,0,0,2022-12-13,22:00,S-147,Lusail Stadium,Lusail,Qatar,T-03,Argentina,ARG,T-18,Croatia,HRV,3–0,3,0,3,-3,0,0,0-0,0,0,home team win,1,0,0,2022,3,3,Home Win
1246,WC-2022,2022 FIFA Men's World Cup,M-2022-62,France vs Morocco,semi-finals,not applicable,0,1,0,0,2022-12-14,22:00,S-140,Al Bayt Stadium,Al Khor,Qatar,T-30,France,FRA,T-47,Morocco,MAR,2–0,2,0,2,-2,0,0,0-0,0,0,home team win,1,0,0,2022,2,2,Home Win
1247,WC-2022,2022 FIFA Men's World Cup,M-2022-63,Croatia vs Morocco,third-place match,not applicable,0,1,0,0,2022-12-17,18:00,S-143,Khalifa International Stadium,Al Rayyan,Qatar,T-18,Croatia,HRV,T-47,Morocco,MAR,2–1,2,1,1,-1,0,0,0-0,0,0,home team win,1,0,0,2022,3,1,Home Win
1248,WC-2022,2022 FIFA Men's World Cup,M-2022-64,Argentina vs France,final,not applicable,0,1,0,0,2022-12-18,18:00,S-147,Lusail Stadium,Lusail,Qatar,T-03,Argentina,ARG,T-30,France,FRA,3–3,3,3,0,0,1,1,4–2,4,2,home team win,1,0,0,2022,6,0,Home Win
